ntasks,global_data_size,parallel_time,serial_time
2,10000000,1.225624,2.041840
2,10000000,1.223722,2.046974
2,10000000,1.224901,2.041040
2,10000000,1.251148,2.070860
2,10000000,1.223633,2.107349
2,10000000,1.223733,2.043014
2,10000000,1.224242,2.117600
2,10000000,1.223239,2.044064
2,10000000,1.223296,2.045229
2,10000000,1.223952,2.071122
4,10000000,0.776784,2.046224
4,10000000,0.776876,2.038357
4,10000000,0.776569,2.117063
4,10000000,0.776103,2.055323
4,10000000,0.775000,2.064715
4,10000000,0.777302,2.036899
4,10000000,0.776156,2.064757
4,10000000,0.775067,2.185578
4,10000000,0.776068,2.085394
4,10000000,0.774032,2.048514
6,10000000,0.592789,2.053363
6,10000000,0.590371,2.070566
6,10000000,0.590619,2.124576
6,10000000,0.589625,2.048162
6,10000000,0.586549,2.073777
6,10000000,0.589721,2.050247
6,10000000,0.586489,2.047931
6,10000000,0.588505,2.046926
6,10000000,0.589609,2.049183
6,10000000,0.592147,2.045302
8,10000000,0.509833,2.054101
8,10000000,0.509788,2.044897
8,10000000,0.504689,2.042454
8,10000000,0.505059,2.175215
8,10000000,0.508218,2.042181
8,10000000,0.504676,2.060981
8,10000000,0.505717,2.167872
8,10000000,0.507410,2.150060
8,10000000,0.500743,2.119251
8,10000000,0.508438,2.050309
10,10000000,0.408762,2.034910
10,10000000,0.408529,2.040107
10,10000000,0.407938,2.038604
10,10000000,0.410201,2.040855
10,10000000,0.409794,2.054788
10,10000000,0.409439,2.040458
10,10000000,0.409612,2.040921
10,10000000,0.409734,2.039081
10,10000000,0.410302,2.071194
10,10000000,0.416424,2.042603
12,10000000,0.366880,2.043870
12,10000000,0.367412,2.034053
12,10000000,0.366428,2.038062
12,10000000,0.367549,2.041459
12,10000000,0.365903,2.045948
12,10000000,0.366311,2.042697
12,10000000,0.365906,2.052182
12,10000000,0.365802,2.034601
12,10000000,0.366755,2.034927
12,10000000,0.367270,2.037028
14,10000000,0.344778,2.039376
14,10000000,0.341492,2.040607
14,10000000,0.338166,2.036571
14,10000000,0.339786,2.049626
14,10000000,0.340154,2.154506
14,10000000,0.340934,2.038381
14,10000000,0.339413,2.034133
14,10000000,0.339248,2.071967
14,10000000,0.343958,2.042293
14,10000000,0.338701,2.033919
16,10000000,0.286264,2.035618
16,10000000,0.286541,2.049878
16,10000000,0.286771,2.036533
16,10000000,0.286736,2.035886
16,10000000,0.294115,2.037085
16,10000000,0.294165,2.045087
16,10000000,0.285573,2.031036
16,10000000,0.291754,2.040430
16,10000000,0.286662,2.036035
16,10000000,0.287372,2.059500
18,10000000,0.269558,2.037115
18,10000000,0.270913,2.034093
18,10000000,0.268757,2.042002
18,10000000,0.269644,2.035238
18,10000000,0.270352,2.069735
18,10000000,0.269298,2.037946
18,10000000,0.269080,2.038502
18,10000000,0.269276,2.037442
18,10000000,0.269411,2.033820
18,10000000,0.269121,2.034893
20,10000000,0.258756,2.121060
20,10000000,0.256311,2.035072
20,10000000,0.257061,2.160354
20,10000000,0.255899,2.077742
20,10000000,0.256980,2.033817
20,10000000,0.258075,2.040574
20,10000000,0.256684,2.212998
20,10000000,0.256466,2.041828
20,10000000,0.256910,2.043434
20,10000000,0.264916,2.036650
22,10000000,0.249599,2.036919
22,10000000,0.248953,2.043193
22,10000000,0.250194,2.043810
22,10000000,0.249495,2.041611
22,10000000,0.249357,2.125899
22,10000000,0.250032,2.035174
22,10000000,0.249854,2.079795
22,10000000,0.251405,2.107360
22,10000000,0.250437,2.034932
22,10000000,0.251111,2.041938
24,10000000,0.241480,2.041637
24,10000000,0.240377,2.032206
24,10000000,0.242867,2.150022
24,10000000,0.240373,2.047923
24,10000000,0.241686,2.055616
24,10000000,0.241453,2.031932
24,10000000,0.241166,2.050654
24,10000000,0.244266,2.040691
24,10000000,0.241325,2.043418
24,10000000,0.241542,2.100767
26,10000000,0.232880,2.141701
26,10000000,0.230503,2.048910
26,10000000,0.230891,2.034094
26,10000000,0.233066,2.091842
26,10000000,0.231198,2.039164
26,10000000,0.230204,2.053180
26,10000000,0.230479,2.092544
26,10000000,0.231665,2.042665
26,10000000,0.231439,2.034049
26,10000000,0.230961,2.037591
28,10000000,0.223224,2.035396
28,10000000,0.223424,2.032209
28,10000000,0.222660,2.042479
28,10000000,0.223730,2.076782
28,10000000,0.223519,2.072013
28,10000000,0.222386,2.086883
28,10000000,0.223517,2.125845
28,10000000,0.224277,2.035384
28,10000000,0.224784,2.035538
28,10000000,0.222807,2.033822
30,10000000,0.215762,2.045189
30,10000000,0.214972,2.075073
30,10000000,0.213927,2.124129
30,10000000,0.215501,2.036876
30,10000000,0.215474,2.033183
30,10000000,0.213370,2.037755
30,10000000,0.214216,2.036755
30,10000000,0.219890,2.178084
30,10000000,0.214315,2.074554
30,10000000,0.218491,2.052830
32,10000000,0.209640,2.046366
32,10000000,0.209788,2.043478
32,10000000,0.210400,2.041520
32,10000000,0.209342,2.041571
32,10000000,0.209639,2.037993
32,10000000,0.209363,2.043093
32,10000000,0.209635,2.037482
32,10000000,0.209789,2.047551
32,10000000,0.210486,2.040915
32,10000000,0.209591,2.075984
34,10000000,0.202187,2.039902
34,10000000,0.206297,2.035980
34,10000000,0.202766,2.044278
34,10000000,0.203073,2.037201
34,10000000,0.202217,2.031128
34,10000000,0.203449,2.061566
34,10000000,0.203016,2.046301
34,10000000,0.202290,2.036726
34,10000000,0.201879,2.089508
34,10000000,0.202192,2.042181
36,10000000,0.197975,2.038066
36,10000000,0.198505,2.038221
36,10000000,0.198021,2.040593
36,10000000,0.198019,2.028916
36,10000000,0.198294,2.111584
36,10000000,0.200893,2.038490
36,10000000,0.198853,2.073922
36,10000000,0.199652,2.040092
36,10000000,0.199311,2.037042
36,10000000,0.198409,2.048534
38,10000000,0.193495,2.047284
38,10000000,0.193601,2.051475
38,10000000,0.192457,2.036506
38,10000000,0.194352,2.033363
38,10000000,0.193226,2.044286
38,10000000,0.195012,2.038292
38,10000000,0.193895,2.048847
38,10000000,0.194664,2.042130
38,10000000,0.192642,2.060248
38,10000000,0.194594,2.147473
40,10000000,0.188116,2.059580
40,10000000,0.189238,2.036780
40,10000000,0.190194,2.038581
40,10000000,0.188074,2.059064
40,10000000,0.188295,2.045279
40,10000000,0.188363,2.032639
40,10000000,0.188601,2.057923
40,10000000,0.189211,2.052119
40,10000000,0.188370,2.038942
40,10000000,0.189148,2.072805
42,10000000,0.185197,2.039966
42,10000000,0.185139,2.037546
42,10000000,0.184986,2.033497
42,10000000,0.186075,2.073922
42,10000000,0.184928,2.038201
42,10000000,0.185671,2.032966
42,10000000,0.184869,2.042130
42,10000000,0.186040,2.032679
42,10000000,0.184837,2.036401
42,10000000,0.185786,2.041120
44,10000000,0.181889,2.114097
44,10000000,0.181205,2.035984
44,10000000,0.181042,2.031998
44,10000000,0.238598,2.086583
44,10000000,0.181326,2.040313
44,10000000,0.237345,2.032475
44,10000000,0.182559,2.079386
44,10000000,0.180452,2.039897
44,10000000,0.181449,2.038180
44,10000000,0.236101,2.038226
46,10000000,0.178637,2.038425
46,10000000,0.179947,2.032968
46,10000000,0.179623,2.040748
46,10000000,0.236885,2.036990
46,10000000,0.237081,2.035403
46,10000000,0.237564,2.061175
46,10000000,0.179014,2.154853
46,10000000,0.179301,2.032583
46,10000000,0.236975,2.045338
46,10000000,0.179944,2.034230
48,10000000,0.178126,2.038991
48,10000000,0.236276,2.036960
48,10000000,0.235017,2.064729
48,10000000,0.176927,2.038340
48,10000000,0.235759,2.082835
48,10000000,0.235355,2.130682
48,10000000,0.235005,2.048011
48,10000000,0.177535,2.037869
48,10000000,0.177735,2.035869
48,10000000,0.234530,2.046565
50,10000000,0.174381,2.038391
50,10000000,0.174576,2.037054
50,10000000,0.231622,2.043194
50,10000000,0.232060,2.036231
50,10000000,0.230819,2.068369
50,10000000,0.231962,2.034061
50,10000000,0.231432,2.048443
50,10000000,0.231089,2.034857
50,10000000,0.231792,2.040944
50,10000000,0.230986,2.036432
52,10000000,0.231162,2.038287
52,10000000,0.173944,2.055620
52,10000000,0.229270,2.050279
52,10000000,0.231090,2.063619
52,10000000,0.229582,2.034891
52,10000000,0.229586,2.043722
52,10000000,0.229432,2.035751
52,10000000,0.174286,2.035593
52,10000000,0.230037,2.034924
52,10000000,0.231246,2.037972
54,10000000,0.226749,2.037993
54,10000000,0.229614,2.044523
54,10000000,0.228179,2.040317
54,10000000,0.228284,2.161151
54,10000000,0.227882,2.034738
54,10000000,0.228633,2.035757
54,10000000,0.228122,2.039289
54,10000000,0.228133,2.038745
54,10000000,0.228571,2.042280
54,10000000,0.229563,2.055619
56,10000000,0.229427,2.041315
56,10000000,0.168732,2.035399
56,10000000,0.170087,2.095923
56,10000000,0.225284,2.035601
56,10000000,0.169230,2.051145
56,10000000,0.227226,2.071049
56,10000000,0.168906,2.033717
56,10000000,0.225648,2.098748
56,10000000,0.168651,2.036124
56,10000000,0.225270,2.034563
58,10000000,0.227367,2.038533
58,10000000,0.228580,2.044881
58,10000000,0.228273,2.039773
58,10000000,0.225165,2.044385
58,10000000,0.169192,2.035303
58,10000000,0.227483,2.034171
58,10000000,0.227221,2.042411
58,10000000,0.227904,2.032904
58,10000000,0.168652,2.038308
58,10000000,0.227909,2.039312
60,10000000,0.226155,2.037660
60,10000000,0.225447,2.033686
60,10000000,0.166387,2.032914
60,10000000,0.167145,2.033350
60,10000000,0.225080,2.035655
60,10000000,0.226343,2.039961
60,10000000,0.225341,2.049819
60,10000000,0.226571,2.037557
60,10000000,0.167403,2.050650
60,10000000,0.225619,2.037731
62,10000000,0.225656,2.038313
62,10000000,0.222531,2.039976
62,10000000,0.225459,2.034476
62,10000000,0.221672,2.036824
62,10000000,0.225418,2.064996
62,10000000,0.225576,2.036735
62,10000000,0.226046,2.039495
62,10000000,0.221947,2.037976
62,10000000,0.223849,2.052279
62,10000000,0.221939,2.038310
64,10000000,0.163654,2.069330
64,10000000,0.163889,2.046018
64,10000000,0.165923,2.034183
64,10000000,0.163779,2.033418
64,10000000,0.163329,2.039189
64,10000000,0.163308,2.040232
64,10000000,0.163371,2.042086
64,10000000,0.163422,2.037792
64,10000000,0.165813,2.036648
64,10000000,0.163781,2.089262
66,10000000,0.163549,2.036369
66,10000000,0.163584,2.107052
66,10000000,0.163728,2.036208
66,10000000,0.163775,2.034238
66,10000000,0.163574,2.035859
66,10000000,0.163803,2.101801
66,10000000,0.164161,2.033729
66,10000000,0.163575,2.034492
66,10000000,0.163666,2.085382
66,10000000,0.164482,2.034523
68,10000000,0.166125,2.035210
68,10000000,0.163914,2.126207
68,10000000,0.161152,2.037784
68,10000000,0.160970,2.029103
68,10000000,0.160712,2.038442
68,10000000,0.161093,2.087623
68,10000000,0.161297,2.036993
68,10000000,0.161151,2.030953
68,10000000,0.163020,2.034878
68,10000000,0.161430,2.036294
70,10000000,0.161043,2.037416
70,10000000,0.160951,2.048700
70,10000000,0.163842,2.031677
70,10000000,0.161168,2.034535
70,10000000,0.161044,2.034868
70,10000000,0.160958,2.036950
70,10000000,0.161984,2.107955
70,10000000,0.160515,2.036945
70,10000000,0.160561,2.036990
70,10000000,0.160546,2.043031
72,10000000,0.159500,2.238334
72,10000000,0.158855,2.032026
72,10000000,0.161587,2.124811
72,10000000,0.160794,2.035384
72,10000000,0.159505,2.035569
72,10000000,0.159001,2.037722
72,10000000,0.161222,2.037113
72,10000000,0.162189,2.170347
72,10000000,0.159268,2.036615
72,10000000,0.159648,2.032975
74,10000000,0.161304,2.032473
74,10000000,0.160938,2.035863
74,10000000,0.159348,2.034583
74,10000000,0.159880,2.043616
74,10000000,0.161304,2.071482
74,10000000,0.161440,2.032237
74,10000000,0.159804,2.034232
74,10000000,0.159285,2.031997
74,10000000,0.161525,2.038067
74,10000000,0.158842,2.034419
76,10000000,0.160933,2.067845
76,10000000,0.159701,2.044629
76,10000000,0.158864,2.034404
76,10000000,0.159119,2.039746
76,10000000,0.158803,2.064818
76,10000000,0.162002,2.030862
76,10000000,0.159074,2.042823
76,10000000,0.160067,2.030961
76,10000000,0.159655,2.056093
76,10000000,0.160009,2.077938
78,10000000,0.159278,2.039695
78,10000000,0.160408,2.035200
78,10000000,0.159128,2.065078
78,10000000,0.158681,2.037385
78,10000000,0.160426,2.036925
78,10000000,0.158283,2.035694
78,10000000,0.157905,2.035338
78,10000000,0.160352,2.155847
78,10000000,0.160213,2.039430
78,10000000,0.157316,2.034058
80,10000000,0.157474,2.036383
80,10000000,0.159344,2.036960
80,10000000,0.157450,2.098037
80,10000000,0.159592,2.037072
80,10000000,0.157988,2.043301
80,10000000,0.159647,2.034404
80,10000000,0.158176,2.035332
80,10000000,0.157156,2.031674
80,10000000,0.158759,2.091741
80,10000000,0.159068,2.038481
82,10000000,0.158249,2.034883
82,10000000,0.159201,2.035252
82,10000000,0.160893,2.040302
82,10000000,0.160502,2.037221
82,10000000,0.157230,2.053596
82,10000000,0.160248,2.086099
82,10000000,0.158634,2.046365
82,10000000,0.159431,2.054262
82,10000000,0.159590,2.035639
82,10000000,0.159136,2.130262
84,10000000,0.159071,2.048931
84,10000000,0.157510,2.033170
84,10000000,0.156551,2.112193
84,10000000,0.157126,2.032779
84,10000000,0.156028,2.073507
84,10000000,0.158955,2.033682
84,10000000,0.157503,2.053114
84,10000000,0.157804,2.034841
84,10000000,0.156797,2.038163
84,10000000,0.157439,2.036271
86,10000000,0.158569,2.035288
86,10000000,0.158385,2.036847
86,10000000,0.157368,2.116641
86,10000000,0.157326,2.038497
86,10000000,0.157375,2.168069
86,10000000,0.156190,2.051319
86,10000000,0.156976,2.030160
86,10000000,0.157624,2.037089
86,10000000,0.158521,2.036281
86,10000000,0.156880,2.036213
88,10000000,0.156534,2.037416
88,10000000,0.154905,2.036465
88,10000000,0.155731,2.033981
88,10000000,0.155875,2.033178
88,10000000,0.154060,2.037048
88,10000000,0.156414,2.036338
88,10000000,0.155861,2.038970
88,10000000,0.155642,2.036962
88,10000000,0.155394,2.036361
88,10000000,0.156291,2.046106
90,10000000,0.155814,2.078314
90,10000000,0.156124,2.029953
90,10000000,0.155882,2.048356
90,10000000,0.155760,2.040696
90,10000000,0.156012,2.046574
90,10000000,0.155676,2.038616
90,10000000,0.156621,2.041922
90,10000000,0.155390,2.037207
90,10000000,0.155651,2.039900
90,10000000,0.157471,2.128384
92,10000000,0.154860,2.041781
92,10000000,0.154753,2.035516
92,10000000,0.155841,2.033021
92,10000000,0.155502,2.050910
92,10000000,0.155833,2.033369
92,10000000,0.155969,2.036174
92,10000000,0.154840,2.104324
92,10000000,0.156298,2.030590
92,10000000,0.154815,2.132290
92,10000000,0.155667,2.034880
94,10000000,0.154982,2.158646
94,10000000,0.155733,2.034663
94,10000000,0.155392,2.067631
94,10000000,0.156030,2.043804
94,10000000,0.156350,2.094543
94,10000000,0.154999,2.078518
94,10000000,0.156196,2.034609
94,10000000,0.155805,2.038491
94,10000000,0.156211,2.193378
94,10000000,0.154385,2.034820
96,10000000,0.155463,2.072331
96,10000000,0.155641,2.040158
96,10000000,0.155626,2.061771
96,10000000,0.157657,2.071366
96,10000000,0.154513,2.038525
96,10000000,0.155473,2.041161
96,10000000,0.155489,2.040819
96,10000000,0.154411,2.059646
96,10000000,0.154936,2.044213
96,10000000,0.155926,2.082197
98,10000000,0.157222,2.041116
98,10000000,0.155719,2.036847
98,10000000,0.156192,2.037871
98,10000000,0.154605,2.036603
98,10000000,0.154598,2.077549
98,10000000,0.157810,2.039324
98,10000000,0.157173,2.038946
98,10000000,0.160398,2.059039
98,10000000,0.155045,2.095899
98,10000000,0.155852,2.038799
100,10000000,0.159059,2.151866
100,10000000,0.156960,2.035254
100,10000000,0.158374,2.056772
100,10000000,0.158516,2.041957
100,10000000,0.157115,2.037540
100,10000000,0.157318,2.038693
100,10000000,0.159462,2.037900
100,10000000,0.158130,2.154440
100,10000000,0.158533,2.042083
100,10000000,0.158026,2.113681
102,10000000,0.156021,2.037120
102,10000000,0.157588,2.053662
102,10000000,0.155288,2.074080
102,10000000,0.192028,2.151699
102,10000000,0.157476,2.039911
102,10000000,0.155660,2.101178
102,10000000,0.154702,2.037071
102,10000000,0.157669,2.029410
102,10000000,0.155288,2.066867
102,10000000,0.157452,2.034020
104,10000000,0.155922,2.077972
104,10000000,0.155297,2.047421
104,10000000,0.155036,2.039455
104,10000000,0.158212,2.043574
104,10000000,0.155679,2.043705
104,10000000,0.156712,2.037579
104,10000000,0.155853,2.038070
104,10000000,0.155941,2.033699
104,10000000,0.157592,2.057219
104,10000000,0.156843,2.062230
106,10000000,0.157870,2.089312
106,10000000,0.156581,2.047449
106,10000000,0.158384,2.036295
106,10000000,0.158063,2.037101
106,10000000,0.158805,2.123425
106,10000000,0.160179,2.037754
106,10000000,0.156608,2.036854
106,10000000,0.158633,2.040831
106,10000000,0.158116,2.115084
106,10000000,0.156704,2.038313
108,10000000,0.162298,2.036034
108,10000000,0.155287,2.039160
108,10000000,0.160855,2.043809
108,10000000,0.156275,2.039104
108,10000000,0.157535,2.038500
108,10000000,0.156198,2.036234
108,10000000,0.155725,2.039166
108,10000000,0.158401,2.039137
108,10000000,0.156202,2.040160
108,10000000,0.179681,2.064662
110,10000000,0.156539,2.044843
110,10000000,0.156244,2.033126
110,10000000,0.157617,2.102409
110,10000000,0.156486,2.122485
110,10000000,0.157289,2.127364
110,10000000,0.158502,2.041074
110,10000000,0.155878,2.037391
110,10000000,0.156318,2.041115
110,10000000,0.156347,2.035753
110,10000000,0.156048,2.042328
112,10000000,0.159172,2.064165
112,10000000,0.156616,2.090350
112,10000000,0.158296,2.059471
112,10000000,0.159250,2.041524
112,10000000,0.156510,2.030926
112,10000000,0.158024,2.041964
112,10000000,0.162568,2.038716
112,10000000,0.157385,2.083118
112,10000000,0.157819,2.108563
112,10000000,0.162002,2.037988
114,10000000,0.155761,2.048429
114,10000000,0.158626,2.048989
114,10000000,0.158123,2.040520
114,10000000,0.158207,2.087691
114,10000000,0.156474,2.043530
114,10000000,0.157147,2.039076
114,10000000,0.156775,2.065370
114,10000000,0.158391,2.040402
114,10000000,0.158638,2.039291
114,10000000,0.157518,2.074843
116,10000000,0.158278,2.035648
116,10000000,0.158838,2.034491
116,10000000,0.156476,2.077659
116,10000000,0.156499,2.041743
116,10000000,0.157748,2.039694
116,10000000,0.157575,2.048936
116,10000000,0.158473,2.069338
116,10000000,0.156769,2.036402
116,10000000,0.157092,2.039216
116,10000000,0.163170,2.063588
118,10000000,0.158062,2.237949
118,10000000,0.157573,2.040028
118,10000000,0.156384,2.038427
118,10000000,0.159986,2.098402
118,10000000,0.158489,2.039224
118,10000000,0.156622,2.040395
118,10000000,0.157758,2.041794
118,10000000,0.158894,2.112313
118,10000000,0.158125,2.036620
118,10000000,0.157281,2.038980
120,10000000,0.158717,2.039547
120,10000000,0.158192,2.141033
120,10000000,0.161144,2.068667
120,10000000,0.159631,2.034629
120,10000000,0.158292,2.042262
120,10000000,0.160564,2.053604
120,10000000,0.160402,2.054030
120,10000000,0.158251,2.038327
120,10000000,0.172356,2.109458
120,10000000,0.159295,2.037767
122,10000000,0.159102,2.041595
122,10000000,0.158827,2.036756
122,10000000,0.158274,2.037952
122,10000000,0.159373,2.037350
122,10000000,0.159701,2.036514
122,10000000,0.157252,2.038000
122,10000000,0.160267,2.101063
122,10000000,0.158549,2.038071
122,10000000,0.159924,2.035562
122,10000000,0.158208,2.038849
124,10000000,0.160504,2.038989
124,10000000,0.182871,2.037927
124,10000000,0.163450,2.095797
124,10000000,0.162933,2.041269
124,10000000,0.161330,2.041125
124,10000000,0.166726,2.036665
124,10000000,0.161500,2.035800
124,10000000,0.160345,2.039118
124,10000000,0.161898,2.039419
124,10000000,0.162631,2.055735
126,10000000,0.159963,2.039731
126,10000000,0.160190,2.039443
126,10000000,0.160863,2.036763
126,10000000,0.160881,2.040450
126,10000000,0.160187,2.149047
126,10000000,0.159991,2.060564
126,10000000,0.160058,2.156813
126,10000000,0.159968,2.041216
126,10000000,0.165347,2.038338
126,10000000,0.160095,2.071945
128,10000000,0.210543,2.043694
128,10000000,0.223891,2.041853
128,10000000,0.233662,2.039240
128,10000000,0.220673,2.042876
128,10000000,0.210511,2.046536
128,10000000,0.212726,2.048080
128,10000000,0.211518,2.068202
128,10000000,0.211795,2.125648
128,10000000,0.216052,2.167526
128,10000000,0.213779,2.096745
130,10000000,0.224606,2.043020
130,10000000,0.210707,2.077949
130,10000000,0.228903,2.130794
130,10000000,0.225677,2.044693
130,10000000,0.239150,2.081536
130,10000000,0.223868,2.063533
130,10000000,0.222533,2.041383
130,10000000,0.233279,2.031616
130,10000000,0.219847,2.044328
130,10000000,0.221233,2.067595
132,10000000,0.237336,2.073169
132,10000000,0.221649,2.040574
132,10000000,0.221772,2.163469
132,10000000,0.239966,2.029312
132,10000000,0.173883,2.038780
132,10000000,0.223914,2.050711
132,10000000,0.243542,2.036921
132,10000000,0.232678,2.042628
132,10000000,0.239783,2.033220
132,10000000,0.220010,2.040906
134,10000000,0.226478,2.039740
134,10000000,0.223658,2.038787
134,10000000,0.234826,2.038576
134,10000000,0.226876,2.039296
134,10000000,0.227706,2.088048
134,10000000,0.240725,2.031785
134,10000000,0.217183,2.077731
134,10000000,0.228082,2.046238
134,10000000,0.233259,2.057108
134,10000000,0.246956,2.036337
136,10000000,0.223171,2.040812
136,10000000,0.231968,2.039431
136,10000000,0.229947,2.059684
136,10000000,0.245176,2.047478
136,10000000,0.185974,2.041022
136,10000000,0.225659,2.039546
136,10000000,0.229410,2.178651
136,10000000,0.218284,2.035774
136,10000000,0.230165,2.083171
136,10000000,0.231590,2.044645
138,10000000,0.181121,2.045362
138,10000000,0.229680,2.042205
138,10000000,0.172877,2.050066
138,10000000,0.232184,2.040073
138,10000000,0.177965,2.044507
138,10000000,0.228971,2.034865
138,10000000,0.170717,2.060161
138,10000000,0.239292,2.031916
138,10000000,0.220422,2.122705
138,10000000,0.180964,2.061853
140,10000000,0.172608,2.123931
140,10000000,0.171416,2.151452
140,10000000,0.167595,2.097072
140,10000000,0.171086,2.039778
140,10000000,0.172062,2.042532
140,10000000,0.167470,2.038020
140,10000000,0.169693,2.102411
140,10000000,0.171948,2.036991
140,10000000,0.175785,2.087812
140,10000000,0.172345,2.128621
142,10000000,0.173248,2.039935
142,10000000,0.178296,2.041120
142,10000000,0.172165,2.041259
142,10000000,0.171803,2.041129
142,10000000,0.169748,2.040247
142,10000000,0.171931,2.042810
142,10000000,0.175029,2.034402
142,10000000,0.175981,2.042925
142,10000000,0.175568,2.099947
142,10000000,0.182644,2.036665
144,10000000,0.176875,2.072495
144,10000000,0.172352,2.040272
144,10000000,0.173765,2.041841
144,10000000,0.172885,2.076047
144,10000000,0.174999,2.039764
144,10000000,0.177739,2.042508
144,10000000,0.175067,2.135777
144,10000000,0.180901,2.042834
144,10000000,0.176954,2.039060
144,10000000,0.185086,2.091085
146,10000000,0.181170,2.052848
146,10000000,0.186444,2.044691
146,10000000,0.189237,2.033800
146,10000000,0.184137,2.057416
146,10000000,0.183374,2.101391
146,10000000,0.186689,2.096103
146,10000000,0.179905,2.064101
146,10000000,0.181780,2.072699
146,10000000,0.183050,2.043892
146,10000000,0.179928,2.068738
148,10000000,0.187646,2.044654
148,10000000,0.182831,2.056460
148,10000000,0.184950,2.041068
148,10000000,0.182844,2.041112
148,10000000,0.181876,2.041382
148,10000000,0.185286,2.047822
148,10000000,0.185333,2.059289
148,10000000,0.182052,2.033739
148,10000000,0.183709,2.054698
148,10000000,0.181754,2.113045
150,10000000,0.185298,2.039517
150,10000000,0.191269,2.046123
150,10000000,0.185745,2.067883
150,10000000,0.194962,2.036832
150,10000000,0.201374,2.119993
150,10000000,0.183794,2.092215
150,10000000,0.186716,2.043828
150,10000000,0.187653,2.039221
150,10000000,0.182474,2.127218
150,10000000,0.183753,2.041801
152,10000000,0.191731,2.033735
152,10000000,0.191776,2.038707
152,10000000,0.187553,2.039945
152,10000000,0.191253,2.093077
152,10000000,0.188069,2.039381
152,10000000,0.180665,2.045086
152,10000000,0.189466,2.104951
152,10000000,0.185806,2.041676
152,10000000,0.186277,2.037764
152,10000000,0.187696,2.042080
154,10000000,0.197529,2.039213
154,10000000,0.182149,2.117679
154,10000000,0.190378,2.042062
154,10000000,0.187859,2.042566
154,10000000,0.193932,2.044131
154,10000000,0.210950,2.043637
154,10000000,0.191307,2.041269
154,10000000,0.192861,2.109774
154,10000000,0.189925,2.043536
154,10000000,0.188261,2.039697
156,10000000,0.200620,2.095848
156,10000000,0.208232,2.045557
156,10000000,0.198292,2.044069
156,10000000,0.196739,2.042865
156,10000000,0.197672,2.043880
156,10000000,0.200427,2.069659
156,10000000,0.194257,2.036679
156,10000000,0.201062,2.040022
156,10000000,0.205769,2.084059
156,10000000,0.227311,2.041125
158,10000000,0.246744,2.126764
158,10000000,0.193431,2.087983
158,10000000,0.187096,2.043941
158,10000000,0.194236,2.114216
158,10000000,0.188900,2.043037
158,10000000,0.194042,2.041901
158,10000000,0.199553,2.047012
158,10000000,0.192057,2.057249
158,10000000,0.218392,2.039947
158,10000000,0.192182,2.038658
160,10000000,0.209577,2.038442
160,10000000,0.213128,2.040539
160,10000000,0.203813,2.040680
160,10000000,0.209333,2.054297
160,10000000,0.211455,2.036211
160,10000000,0.214010,2.044461
160,10000000,0.204387,2.103344
160,10000000,0.207509,2.046026
160,10000000,0.204401,2.036900
160,10000000,0.203359,2.043700
162,10000000,0.210385,2.040905
162,10000000,0.203400,2.110334
162,10000000,0.204854,2.049229
162,10000000,0.206275,2.083613
162,10000000,0.213068,2.044261
162,10000000,0.209599,2.039431
162,10000000,0.210054,2.032698
162,10000000,0.205260,2.072404
162,10000000,0.213596,2.079847
162,10000000,0.217957,2.046356
164,10000000,0.195998,2.037967
164,10000000,0.205416,2.040240
164,10000000,0.232880,2.072686
164,10000000,0.235636,2.039237
164,10000000,0.235636,2.043075
164,10000000,0.223567,2.032504
164,10000000,0.207598,2.040784
164,10000000,0.213772,2.119939
164,10000000,0.202191,2.044176
164,10000000,0.206954,2.044033
166,10000000,0.228459,2.145480
166,10000000,0.217925,2.039669
166,10000000,0.216705,2.038749
166,10000000,0.221756,2.039863
166,10000000,0.226290,2.035015
166,10000000,0.229538,2.117314
166,10000000,0.238832,2.035004
166,10000000,0.229443,2.045201
166,10000000,0.215707,2.037702
166,10000000,0.215499,2.113374
168,10000000,0.199557,2.068628
168,10000000,0.212534,2.039393
168,10000000,0.207899,2.040631
168,10000000,0.206100,2.042608
168,10000000,0.211391,2.039732
168,10000000,0.201703,2.045576
168,10000000,0.222989,2.040553
168,10000000,0.203752,2.038472
168,10000000,0.196905,2.118916
168,10000000,0.206154,2.039210
170,10000000,0.214331,2.038699
170,10000000,0.210632,2.051457
170,10000000,0.211612,2.047399
170,10000000,0.206051,2.038647
170,10000000,0.220656,2.062547
170,10000000,0.207265,2.042613
170,10000000,0.209188,2.039248
170,10000000,0.207857,2.035776
170,10000000,0.215250,2.090381
170,10000000,0.210549,2.036649
172,10000000,0.219333,2.036137
172,10000000,0.216603,2.038098
172,10000000,0.218504,2.096810
172,10000000,0.217617,2.148039
172,10000000,0.211740,2.082475
172,10000000,0.223567,2.042886
172,10000000,0.223643,2.041940
172,10000000,0.216740,2.126863
172,10000000,0.214283,2.046285
172,10000000,0.220874,2.039724
174,10000000,0.215024,2.042522
174,10000000,0.217770,2.045848
174,10000000,0.214442,2.040777
174,10000000,0.214040,2.039002
174,10000000,0.220141,2.044089
174,10000000,0.227800,2.039044
174,10000000,0.215964,2.060330
174,10000000,0.217448,2.043069
174,10000000,0.227758,2.076969
174,10000000,0.235661,2.039045
176,10000000,0.243004,2.038164
176,10000000,0.254960,2.035887
176,10000000,0.240594,2.050925
176,10000000,0.255108,2.163827
176,10000000,0.244536,2.074024
176,10000000,0.244905,2.044945
176,10000000,0.238993,2.044371
176,10000000,0.253536,2.038634
176,10000000,0.238826,2.042948
176,10000000,0.236037,2.083163
178,10000000,0.225587,2.043564
178,10000000,0.231596,2.041096
178,10000000,0.220316,2.047752
178,10000000,0.222689,2.040999
178,10000000,0.222986,2.037490
178,10000000,0.223468,2.038349
178,10000000,0.221674,2.049053
178,10000000,0.224890,2.124729
178,10000000,0.216829,2.039307
178,10000000,0.218403,2.115084
180,10000000,0.233286,2.042625
180,10000000,0.236834,2.044813
180,10000000,0.221850,2.041202
180,10000000,0.222867,2.042662
180,10000000,0.226594,2.039006
180,10000000,0.229768,2.093292
180,10000000,0.234511,2.038673
180,10000000,0.233358,2.033780
180,10000000,0.238098,2.041359
180,10000000,0.223453,2.039490
182,10000000,0.232261,2.040764
182,10000000,0.223315,2.060182
182,10000000,0.230344,2.041584
182,10000000,0.251717,2.038808
182,10000000,0.222540,2.113561
182,10000000,0.227506,2.118808
182,10000000,0.228683,2.165249
182,10000000,0.237936,2.042202
182,10000000,0.229954,2.042650
182,10000000,0.227291,2.036101
184,10000000,0.234880,2.073328
184,10000000,0.233673,2.061599
184,10000000,0.233501,2.042702
184,10000000,0.234288,2.038286
184,10000000,0.235549,2.042072
184,10000000,0.229607,2.063424
184,10000000,0.235880,2.064197
184,10000000,0.230912,2.085315
184,10000000,0.233296,2.042769
184,10000000,0.239716,2.040728
186,10000000,0.244425,2.040733
186,10000000,0.233928,2.040698
186,10000000,0.234807,2.155707
186,10000000,0.233945,2.034382
186,10000000,0.235204,2.041884
186,10000000,0.254711,2.042667
186,10000000,0.239791,2.044221
186,10000000,0.255097,2.036749
186,10000000,0.237955,2.034896
186,10000000,0.248979,2.044755
188,10000000,0.246308,2.038019
188,10000000,0.239800,2.039272
188,10000000,0.244534,2.041819
188,10000000,0.231572,2.044607
188,10000000,0.247745,2.045051
188,10000000,0.239233,2.040363
188,10000000,0.245138,2.045132
188,10000000,0.249215,2.040869
188,10000000,0.247977,2.043085
188,10000000,0.235300,2.044639
190,10000000,0.243757,2.178669
190,10000000,0.246778,2.042812
190,10000000,0.252664,2.131339
190,10000000,0.243123,2.041879
190,10000000,0.240783,2.038478
190,10000000,0.252713,2.043057
190,10000000,0.248739,2.038737
190,10000000,0.242060,2.116576
190,10000000,0.245752,2.036756
190,10000000,0.242887,2.042262
192,10000000,0.250135,2.049068
192,10000000,0.254080,2.118375
192,10000000,0.240875,2.042148
192,10000000,0.272825,2.036247
192,10000000,0.262492,2.040341
192,10000000,0.244435,2.042547
192,10000000,0.249620,2.044740
192,10000000,0.261439,2.040157
192,10000000,0.253273,2.050449
192,10000000,0.245017,2.052919
194,10000000,0.319403,2.155886
194,10000000,0.312466,2.030385
194,10000000,0.305990,2.042615
194,10000000,0.310195,2.040572
194,10000000,0.334631,2.040242
194,10000000,0.310143,2.043896
194,10000000,0.297043,2.041008
194,10000000,0.295639,2.038951
194,10000000,0.301144,2.041206
194,10000000,0.307250,2.030960
196,10000000,0.310389,2.038451
196,10000000,0.317354,2.037766
196,10000000,0.319887,2.041904
196,10000000,0.319754,2.033412
196,10000000,0.327755,2.027015
196,10000000,0.318389,2.074409
196,10000000,0.309543,2.029233
196,10000000,0.326705,2.032361
196,10000000,0.321999,2.031203
196,10000000,0.321287,2.136704
198,10000000,0.266583,2.046383
198,10000000,0.263452,2.099483
198,10000000,0.271597,2.041962
198,10000000,0.276691,2.044869
198,10000000,0.256609,2.101935
198,10000000,0.263345,2.037619
198,10000000,0.248598,2.039506
198,10000000,0.261000,2.029148
198,10000000,0.256534,2.042803
198,10000000,0.252591,2.141860
200,10000000,0.313388,2.034429
200,10000000,0.309019,2.125388
200,10000000,0.332766,2.030876
200,10000000,0.334211,2.035358
200,10000000,0.318077,2.032340
200,10000000,0.325071,2.038776
200,10000000,0.318456,2.035926
200,10000000,0.328336,2.038439
200,10000000,0.329327,2.034432
200,10000000,0.312921,2.031408
202,10000000,0.334316,2.034463
202,10000000,0.321958,2.045657
202,10000000,0.325171,2.040054
202,10000000,0.331192,2.039407
202,10000000,0.320196,2.042448
202,10000000,0.318816,2.053732
202,10000000,0.329541,2.147239
202,10000000,0.327333,2.049512
202,10000000,0.323847,2.034392
202,10000000,0.325585,2.053364
204,10000000,0.282781,2.039426
204,10000000,0.290070,2.040235
204,10000000,0.264550,2.043765
204,10000000,0.261115,2.036286
204,10000000,0.271811,2.042052
204,10000000,0.274724,2.036789
204,10000000,0.279008,2.041715
204,10000000,0.259621,2.045797
204,10000000,0.268601,2.044862
204,10000000,0.274026,2.045260
206,10000000,0.285208,2.039454
206,10000000,0.281914,2.041508
206,10000000,0.312636,2.117228
206,10000000,0.268383,2.067069
206,10000000,0.275339,2.083210
206,10000000,0.280130,2.043909
206,10000000,0.277238,2.048523
206,10000000,0.279505,2.046737
206,10000000,0.271185,2.039219
206,10000000,0.274031,2.040684
208,10000000,0.357460,2.032246
208,10000000,0.346719,2.043148
208,10000000,0.365741,2.033743
208,10000000,0.350337,2.231566
208,10000000,0.349024,2.036637
208,10000000,0.352599,2.153344
208,10000000,0.368130,2.037454
208,10000000,0.349255,2.040055
208,10000000,0.348927,2.035352
208,10000000,0.352182,2.027083
210,10000000,0.280746,2.031854
210,10000000,0.270223,2.041003
210,10000000,0.283175,2.033315
210,10000000,0.291443,2.037100
210,10000000,0.274549,2.227725
210,10000000,0.281129,2.034169
210,10000000,0.307424,2.038698
210,10000000,0.282797,2.081782
210,10000000,0.285399,2.046793
210,10000000,0.291186,2.040505
212,10000000,0.280048,2.040309
212,10000000,0.287081,2.075035
212,10000000,0.314649,2.035876
212,10000000,0.281273,2.070631
212,10000000,0.290464,2.040558
212,10000000,0.272053,2.146313
212,10000000,0.282937,2.214558
212,10000000,0.298018,2.037210
212,10000000,0.297441,2.038700
212,10000000,0.277020,2.039120
214,10000000,0.368727,2.039926
214,10000000,0.370333,2.038217
214,10000000,0.365437,2.080337
214,10000000,0.368805,2.072706
214,10000000,0.379307,2.034473
214,10000000,0.380317,2.031050
214,10000000,0.374491,2.033123
214,10000000,0.368752,2.038711
214,10000000,0.370245,2.033983
214,10000000,0.367481,2.049596
216,10000000,0.385573,2.034734
216,10000000,0.373384,2.040041
216,10000000,0.382289,2.054992
216,10000000,0.369026,2.036682
216,10000000,0.402340,2.040054
216,10000000,0.372055,2.029497
216,10000000,0.370132,2.074177
216,10000000,0.370191,2.040035
216,10000000,0.405104,2.037207
216,10000000,0.378929,2.043365
218,10000000,0.307300,2.034968
218,10000000,0.295171,2.041453
218,10000000,0.295377,2.040060
218,10000000,0.299509,2.117679
218,10000000,0.294878,2.043851
218,10000000,0.305600,2.042710
218,10000000,0.302501,2.049564
218,10000000,0.297102,2.038694
218,10000000,0.297489,2.041059
218,10000000,0.304513,2.186516
220,10000000,0.408269,2.034692
220,10000000,0.422601,2.049086
220,10000000,0.415015,2.032520
220,10000000,0.422513,2.069596
220,10000000,0.405404,2.169378
220,10000000,0.395892,2.035991
220,10000000,0.390126,2.033734
220,10000000,0.400178,2.031073
220,10000000,0.389621,2.044168
220,10000000,0.392758,2.076501
222,10000000,0.311514,2.035708
222,10000000,0.302026,2.029295
222,10000000,0.310955,2.184201
222,10000000,0.305982,2.040181
222,10000000,0.299876,2.101521
222,10000000,0.301309,2.042465
222,10000000,0.308245,2.111189
222,10000000,0.317704,2.108970
222,10000000,0.318834,2.035739
222,10000000,0.308806,2.267132
224,10000000,0.403109,2.057810
224,10000000,0.406799,2.032735
224,10000000,0.401107,2.076755
224,10000000,0.396511,2.029888
224,10000000,0.395017,2.047097
224,10000000,0.405642,2.031755
224,10000000,0.419320,2.042898
224,10000000,0.416309,2.038077
224,10000000,0.406535,2.034392
224,10000000,0.408005,2.039954
226,10000000,0.325296,2.035771
226,10000000,0.309347,2.042549
226,10000000,0.315485,2.040044
226,10000000,0.311103,2.038925
226,10000000,0.327013,2.077847
226,10000000,0.336239,2.048650
226,10000000,0.309165,2.039910
226,10000000,0.312126,2.042729
226,10000000,0.313211,2.041067
226,10000000,0.302841,2.044227
228,10000000,0.311568,2.040659
228,10000000,0.321958,2.039115
228,10000000,0.317780,2.029364
228,10000000,0.317148,2.040735
228,10000000,0.325979,2.041545
228,10000000,0.315954,2.037856
228,10000000,0.312332,2.031405
228,10000000,0.318736,2.046469
228,10000000,0.317662,2.032775
228,10000000,0.312174,2.042560
230,10000000,0.442338,2.036523
230,10000000,0.436299,2.038845
230,10000000,0.437876,2.038640
230,10000000,0.430648,2.147241
230,10000000,0.437814,2.141358
230,10000000,0.443009,2.069198
230,10000000,0.438751,2.070144
230,10000000,0.431154,2.039658
230,10000000,0.436346,2.041470
230,10000000,0.427647,2.057109
232,10000000,0.326223,2.030795
232,10000000,0.319606,2.037410
232,10000000,0.320012,2.034970
232,10000000,0.318540,2.028894
232,10000000,0.327165,2.040772
232,10000000,0.317616,2.041543
232,10000000,0.332931,2.036368
232,10000000,0.323265,2.104299
232,10000000,0.317158,2.047862
232,10000000,0.314706,2.033767
234,10000000,0.330135,2.043215
234,10000000,0.333321,2.036287
234,10000000,0.325988,2.036858
234,10000000,0.333442,2.153031
234,10000000,0.331207,2.113605
234,10000000,0.337097,2.034331
234,10000000,0.342765,2.042101
234,10000000,0.343871,2.040385
234,10000000,0.345954,2.043451
234,10000000,0.338764,2.086844
236,10000000,0.451575,2.038247
236,10000000,0.447517,2.036626
236,10000000,0.453423,2.043023
236,10000000,0.447434,2.033940
236,10000000,0.447675,2.041589
236,10000000,0.435562,2.031769
236,10000000,0.446814,2.161736
236,10000000,0.468498,2.050613
236,10000000,0.453373,2.034124
236,10000000,0.465258,2.038349
238,10000000,0.445439,2.049797
238,10000000,0.435872,2.033899
238,10000000,0.453821,2.062523
238,10000000,0.432112,2.081024
238,10000000,0.446237,2.050007
238,10000000,0.435572,2.040365
238,10000000,0.440687,2.042770
238,10000000,0.441895,2.056138
238,10000000,0.440422,2.034917
238,10000000,0.443031,2.082977
240,10000000,0.441284,2.038922
240,10000000,0.438395,2.077047
240,10000000,0.447804,2.034640
240,10000000,0.439046,2.100805
240,10000000,0.451871,2.051750
240,10000000,0.466285,2.035850
240,10000000,0.446828,2.037382
240,10000000,0.454629,2.038967
240,10000000,0.447380,2.182327
240,10000000,0.452720,2.081543
242,10000000,0.489920,2.081135
242,10000000,0.486254,2.035193
242,10000000,0.479275,2.036651
242,10000000,0.492758,2.032701
242,10000000,0.478944,2.036325
242,10000000,0.480714,2.062717
242,10000000,0.491938,2.070878
242,10000000,0.476256,2.044794
242,10000000,0.493673,2.042437
242,10000000,0.478708,2.073906
244,10000000,0.362698,2.036151
244,10000000,0.360106,2.044595
244,10000000,0.364220,2.033234
244,10000000,0.355223,2.037088
244,10000000,0.366898,2.035895
244,10000000,0.362010,2.041298
244,10000000,0.368258,2.040818
244,10000000,0.363222,2.110875
244,10000000,0.373865,2.035858
244,10000000,0.364118,2.051410
246,10000000,0.484488,2.040716
246,10000000,0.501300,2.039080
246,10000000,0.490486,2.097192
246,10000000,0.495848,2.155043
246,10000000,0.475571,2.034861
246,10000000,0.499187,2.205918
246,10000000,0.504488,2.042640
246,10000000,0.504644,2.030313
246,10000000,0.509037,2.084820
246,10000000,0.515577,2.042291
248,10000000,0.470374,2.032724
248,10000000,0.484353,2.108794
248,10000000,0.480427,2.035852
248,10000000,0.487708,2.060633
248,10000000,0.480407,2.068822
248,10000000,0.468619,2.038435
248,10000000,0.510421,2.041327
248,10000000,0.494059,2.036729
248,10000000,0.466873,2.038123
248,10000000,0.480484,2.086683
250,10000000,0.493421,2.038690
250,10000000,0.493855,2.039278
250,10000000,0.509501,2.068933
250,10000000,0.481953,2.043543
250,10000000,0.487176,2.030777
250,10000000,0.474431,2.087965
250,10000000,0.487694,2.036347
250,10000000,0.488128,2.095403
250,10000000,0.486378,2.035411
250,10000000,0.493976,2.033804
252,10000000,0.496071,2.035266
252,10000000,0.507295,2.047598
252,10000000,0.506875,2.038440
252,10000000,0.500820,2.038344
252,10000000,0.489583,2.075087
252,10000000,0.498881,2.035985
