Type,Algorithm,NP,Size,Avg_Latency,Min_Latency,Max_Latency,Iterations
Broadcast,1,2,1,0.68,0.15,1.21,1000
Broadcast,1,2,2,0.66,0.15,1.18,1000
Broadcast,1,2,4,0.67,0.14,1.20,1000
Broadcast,1,2,8,0.66,0.15,1.17,1000
Broadcast,1,2,16,0.66,0.15,1.17,1000
Broadcast,1,2,32,0.77,0.14,1.39,1000
Broadcast,1,2,64,0.79,0.17,1.41,1000
Broadcast,1,2,128,0.96,0.38,1.53,1000
Broadcast,1,2,256,0.94,0.41,1.48,1000
Broadcast,1,2,512,1.07,0.49,1.65,1000
Broadcast,1,2,1024,1.23,0.55,1.91,1000
Broadcast,1,2,2048,1.73,0.95,2.51,1000
Broadcast,1,2,4096,2.42,1.52,3.32,1000
Broadcast,1,2,8192,3.85,2.75,4.95,1000
Broadcast,1,2,16384,5.10,4.66,5.54,1000
Broadcast,1,2,32768,5.42,5.01,5.83,1000
Broadcast,1,2,65536,6.92,6.56,7.29,1000
Broadcast,1,2,131072,9.77,9.41,10.12,1000
Broadcast,1,2,262144,22.86,22.51,23.21,1000
Broadcast,1,2,524288,57.32,56.95,57.70,1000
Broadcast,1,2,1048576,118.57,118.20,118.93,1000
Broadcast,2,2,1,0.63,0.18,1.08,1000
Broadcast,2,2,2,0.60,0.17,1.03,1000
Broadcast,2,2,4,0.60,0.18,1.03,1000
Broadcast,2,2,8,0.60,0.18,1.03,1000
Broadcast,2,2,16,0.61,0.18,1.04,1000
Broadcast,2,2,32,0.69,0.18,1.20,1000
Broadcast,2,2,64,0.70,0.20,1.20,1000
Broadcast,2,2,128,0.86,0.38,1.34,1000
Broadcast,2,2,256,0.88,0.42,1.34,1000
Broadcast,2,2,512,0.98,0.46,1.50,1000
Broadcast,2,2,1024,1.15,0.54,1.76,1000
Broadcast,2,2,2048,1.36,0.72,2.00,1000
Broadcast,2,2,4096,2.36,1.47,3.24,1000
Broadcast,2,2,8192,3.76,2.56,4.95,1000
Broadcast,2,2,16384,5.13,4.69,5.58,1000
Broadcast,2,2,32768,5.24,4.83,5.66,1000
Broadcast,2,2,65536,6.64,6.25,7.03,1000
Broadcast,2,2,131072,9.37,8.97,9.76,1000
Broadcast,2,2,262144,20.07,19.70,20.44,1000
Broadcast,2,2,524288,56.93,56.58,57.28,1000
Broadcast,2,2,1048576,118.07,117.68,118.45,1000
Broadcast,3,2,1,0.66,0.16,1.17,1000
Broadcast,3,2,2,0.68,0.17,1.19,1000
Broadcast,3,2,4,0.67,0.20,1.14,1000
Broadcast,3,2,8,0.65,0.16,1.15,1000
Broadcast,3,2,16,0.66,0.17,1.16,1000
Broadcast,3,2,32,0.78,0.19,1.36,1000
Broadcast,3,2,64,0.77,0.17,1.37,1000
Broadcast,3,2,128,0.91,0.36,1.45,1000
Broadcast,3,2,256,0.98,0.46,1.50,1000
Broadcast,3,2,512,1.00,0.47,1.53,1000
Broadcast,3,2,1024,1.10,0.48,1.72,1000
Broadcast,3,2,2048,1.51,0.83,2.19,1000
Broadcast,3,2,4096,2.43,1.58,3.28,1000
Broadcast,3,2,8192,3.61,2.48,4.74,1000
Broadcast,3,2,16384,5.10,4.66,5.54,1000
Broadcast,3,2,32768,5.50,5.11,5.89,1000
Broadcast,3,2,65536,6.56,6.19,6.92,1000
Broadcast,3,2,131072,10.04,9.65,10.43,1000
Broadcast,3,2,262144,20.33,19.94,20.72,1000
Broadcast,3,2,524288,55.50,55.17,55.83,1000
Broadcast,3,2,1048576,115.39,115.03,115.75,1000
Broadcast,5,2,1,0.66,0.16,1.15,1000
Broadcast,5,2,2,0.66,0.17,1.15,1000
Broadcast,5,2,4,0.65,0.16,1.14,1000
Broadcast,5,2,8,0.65,0.17,1.14,1000
Broadcast,5,2,16,0.66,0.17,1.15,1000
Broadcast,5,2,32,0.78,0.19,1.37,1000
Broadcast,5,2,64,0.77,0.17,1.37,1000
Broadcast,5,2,128,0.92,0.37,1.46,1000
Broadcast,5,2,256,0.98,0.46,1.50,1000
Broadcast,5,2,512,1.02,0.49,1.55,1000
Broadcast,5,2,1024,1.23,0.58,1.88,1000
Broadcast,5,2,2048,1.66,0.94,2.39,1000
Broadcast,5,2,4096,2.41,1.52,3.30,1000
Broadcast,5,2,8192,3.63,2.48,4.77,1000
Broadcast,5,2,16384,5.10,4.66,5.53,1000
Broadcast,5,2,32768,5.46,5.07,5.86,1000
Broadcast,5,2,65536,6.76,6.36,7.17,1000
Broadcast,5,2,131072,9.43,9.07,9.80,1000
Broadcast,5,2,262144,21.07,20.72,21.43,1000
Broadcast,5,2,524288,57.85,57.46,58.23,1000
Broadcast,5,2,1048576,116.34,115.98,116.69,1000
Broadcast,1,3,1,0.98,0.37,1.68,1000
Broadcast,1,3,2,0.98,0.34,1.67,1000
Broadcast,1,3,4,1.00,0.36,1.69,1000
Broadcast,1,3,8,0.95,0.34,1.66,1000
Broadcast,1,3,16,0.98,0.36,1.68,1000
Broadcast,1,3,32,1.10,0.35,1.95,1000
Broadcast,1,3,64,1.10,0.38,1.91,1000
Broadcast,1,3,128,1.21,0.54,2.01,1000
Broadcast,1,3,256,1.26,0.59,2.08,1000
Broadcast,1,3,512,1.46,0.68,2.42,1000
Broadcast,1,3,1024,1.58,0.79,2.47,1000
Broadcast,1,3,2048,2.04,1.38,2.51,1000
Broadcast,1,3,4096,3.00,2.33,3.36,1000
Broadcast,1,3,8192,4.79,4.09,5.43,1000
Broadcast,1,3,16384,5.66,5.29,5.94,1000
Broadcast,1,3,32768,8.61,8.41,8.97,1000
Broadcast,1,3,65536,12.23,11.98,12.72,1000
Broadcast,1,3,131072,19.22,17.98,20.62,1000
Broadcast,1,3,262144,42.58,41.47,44.55,1000
Broadcast,1,3,524288,101.88,99.56,104.85,1000
Broadcast,1,3,1048576,210.31,203.24,217.14,1000
Broadcast,2,3,1,1.03,0.36,1.75,1000
Broadcast,2,3,2,0.96,0.35,1.63,1000
Broadcast,2,3,4,0.97,0.37,1.66,1000
Broadcast,2,3,8,0.97,0.35,1.66,1000
Broadcast,2,3,16,0.98,0.36,1.67,1000
Broadcast,2,3,32,1.12,0.38,1.94,1000
Broadcast,2,3,64,1.13,0.38,1.98,1000
Broadcast,2,3,128,1.23,0.55,2.04,1000
Broadcast,2,3,256,1.36,0.74,2.06,1000
Broadcast,2,3,512,1.35,0.69,2.10,1000
Broadcast,2,3,1024,1.60,0.83,2.44,1000
Broadcast,2,3,2048,2.10,1.43,2.58,1000
Broadcast,2,3,4096,3.01,2.33,3.37,1000
Broadcast,2,3,8192,4.99,4.29,5.61,1000
Broadcast,2,3,16384,5.81,5.58,6.12,1000
Broadcast,2,3,32768,8.50,8.16,8.89,1000
Broadcast,2,3,65536,10.73,10.15,11.49,1000
Broadcast,2,3,131072,19.05,17.73,20.29,1000
Broadcast,2,3,262144,41.13,39.36,43.13,1000
Broadcast,2,3,524288,103.11,100.45,106.33,1000
Broadcast,2,3,1048576,208.31,202.07,215.16,1000
Broadcast,3,3,1,1.42,0.19,2.08,1000
Broadcast,3,3,2,1.42,0.18,2.08,1000
Broadcast,3,3,4,1.44,0.19,2.12,1000
Broadcast,3,3,8,1.42,0.16,2.10,1000
Broadcast,3,3,16,1.27,0.12,1.86,1000
Broadcast,3,3,32,1.43,0.11,2.12,1000
Broadcast,3,3,64,1.44,0.14,2.13,1000
Broadcast,3,3,128,1.68,0.32,2.40,1000
Broadcast,3,3,256,1.72,0.38,2.47,1000
Broadcast,3,3,512,1.95,0.44,2.84,1000
Broadcast,3,3,1024,2.25,0.51,3.33,1000
Broadcast,3,3,2048,3.02,0.87,4.39,1000
Broadcast,3,3,4096,4.38,1.42,6.30,1000
Broadcast,3,3,8192,6.76,2.48,9.41,1000
Broadcast,3,3,16384,12.73,7.91,15.79,1000
Broadcast,3,3,32768,18.41,11.94,22.25,1000
Broadcast,3,3,65536,29.38,19.33,35.03,1000
Broadcast,3,3,131072,49.77,33.54,58.43,1000
Broadcast,3,3,262144,80.81,56.43,93.49,1000
Broadcast,3,3,524288,142.55,98.79,164.85,1000
Broadcast,3,3,1048576,281.93,191.90,327.30,1000
Broadcast,5,3,1,1.09,0.36,1.95,1000
Broadcast,5,3,2,1.02,0.38,1.80,1000
Broadcast,5,3,4,1.00,0.36,1.78,1000
Broadcast,5,3,8,1.02,0.39,1.79,1000
Broadcast,5,3,16,1.01,0.37,1.80,1000
Broadcast,5,3,32,1.15,0.40,2.05,1000
Broadcast,5,3,64,1.10,0.37,1.95,1000
Broadcast,5,3,128,1.20,0.53,2.03,1000
Broadcast,5,3,256,1.24,0.58,2.04,1000
Broadcast,5,3,512,1.35,0.69,2.05,1000
Broadcast,5,3,1024,1.55,0.77,2.44,1000
Broadcast,5,3,2048,2.04,1.39,2.47,1000
Broadcast,5,3,4096,3.02,2.35,3.36,1000
Broadcast,5,3,8192,4.98,4.27,5.60,1000
Broadcast,5,3,16384,5.63,5.34,5.91,1000
Broadcast,5,3,32768,8.61,8.36,8.93,1000
Broadcast,5,3,65536,11.56,11.01,12.22,1000
Broadcast,5,3,131072,20.43,19.73,21.70,1000
Broadcast,5,3,262144,44.63,43.52,46.34,1000
Broadcast,5,3,524288,103.41,100.79,106.52,1000
Broadcast,5,3,1048576,208.17,201.57,214.84,1000
Broadcast,1,4,1,0.59,0.56,0.63,1000
Broadcast,1,4,2,0.59,0.55,0.62,1000
Broadcast,1,4,4,0.58,0.55,0.60,1000
Broadcast,1,4,8,0.60,0.57,0.62,1000
Broadcast,1,4,16,0.59,0.57,0.63,1000
Broadcast,1,4,32,0.64,0.57,0.70,1000
Broadcast,1,4,64,0.68,0.62,0.72,1000
Broadcast,1,4,128,0.92,0.77,1.14,1000
Broadcast,1,4,256,1.00,0.82,1.21,1000
Broadcast,1,4,512,1.20,0.99,1.53,1000
Broadcast,1,4,1024,1.44,1.21,1.84,1000
Broadcast,1,4,2048,2.51,1.95,3.27,1000
Broadcast,1,4,4096,3.54,2.60,4.83,1000
Broadcast,1,4,8192,6.03,4.16,8.08,1000
Broadcast,1,4,16384,9.74,8.67,11.45,1000
Broadcast,1,4,32768,14.79,13.61,16.38,1000
Broadcast,1,4,65536,25.36,22.50,27.45,1000
Broadcast,1,4,131072,51.97,47.22,54.85,1000
Broadcast,1,4,262144,112.12,105.16,115.99,1000
Broadcast,1,4,524288,249.36,241.57,254.82,1000
Broadcast,1,4,1048576,504.60,499.54,513.99,1000
Broadcast,2,4,1,0.61,0.58,0.63,1000
Broadcast,2,4,2,0.63,0.60,0.64,1000
Broadcast,2,4,4,0.61,0.58,0.62,1000
Broadcast,2,4,8,0.61,0.60,0.63,1000
Broadcast,2,4,16,0.60,0.58,0.62,1000
Broadcast,2,4,32,0.65,0.62,0.70,1000
Broadcast,2,4,64,0.67,0.63,0.72,1000
Broadcast,2,4,128,0.98,0.83,1.18,1000
Broadcast,2,4,256,1.02,0.85,1.24,1000
Broadcast,2,4,512,1.17,0.97,1.40,1000
Broadcast,2,4,1024,1.41,1.19,1.80,1000
Broadcast,2,4,2048,2.40,1.81,3.13,1000
Broadcast,2,4,4096,3.63,2.64,4.86,1000
Broadcast,2,4,8192,5.98,4.14,8.02,1000
Broadcast,2,4,16384,10.78,9.65,12.37,1000
Broadcast,2,4,32768,15.08,14.09,16.60,1000
Broadcast,2,4,65536,25.45,22.05,27.49,1000
Broadcast,2,4,131072,52.09,49.50,54.70,1000
Broadcast,2,4,262144,107.34,104.04,111.05,1000
Broadcast,2,4,524288,243.45,237.29,249.11,1000
Broadcast,2,4,1048576,501.45,492.48,511.10,1000
Broadcast,3,4,1,1.49,0.37,2.16,1000
Broadcast,3,4,2,1.48,0.36,2.21,1000
Broadcast,3,4,4,1.48,0.35,2.16,1000
Broadcast,3,4,8,1.44,0.36,2.12,1000
Broadcast,3,4,16,1.46,0.35,2.11,1000
Broadcast,3,4,32,1.69,0.36,2.66,1000
Broadcast,3,4,64,1.68,0.34,2.64,1000
Broadcast,3,4,128,2.08,0.51,3.17,1000
Broadcast,3,4,256,2.11,0.58,3.13,1000
Broadcast,3,4,512,2.44,0.64,3.63,1000
Broadcast,3,4,1024,2.87,0.72,4.41,1000
Broadcast,3,4,2048,3.90,1.08,6.00,1000
Broadcast,3,4,4096,5.86,1.68,8.93,1000
Broadcast,3,4,8192,9.01,2.70,13.77,1000
Broadcast,3,4,16384,18.01,7.99,23.84,1000
Broadcast,3,4,32768,27.43,12.74,35.70,1000
Broadcast,3,4,65536,44.36,21.02,57.06,1000
Broadcast,3,4,131072,74.18,35.83,94.53,1000
Broadcast,3,4,262144,133.09,63.61,169.65,1000
Broadcast,3,4,524288,235.55,110.95,302.24,1000
Broadcast,3,4,1048576,446.29,216.28,572.14,1000
Broadcast,5,4,1,0.96,0.63,1.20,1000
Broadcast,5,4,2,0.93,0.59,1.17,1000
Broadcast,5,4,4,0.90,0.57,1.13,1000
Broadcast,5,4,8,0.93,0.59,1.17,1000
Broadcast,5,4,16,0.90,0.57,1.14,1000
Broadcast,5,4,32,1.01,0.60,1.28,1000
Broadcast,5,4,64,0.99,0.56,1.28,1000
Broadcast,5,4,128,1.24,0.84,1.58,1000
Broadcast,5,4,256,1.35,0.99,1.68,1000
Broadcast,5,4,512,1.48,1.09,1.80,1000
Broadcast,5,4,1024,1.61,1.00,2.03,1000
Broadcast,5,4,2048,2.37,1.66,2.86,1000
Broadcast,5,4,4096,3.55,2.52,4.37,1000
Broadcast,5,4,8192,6.02,4.56,7.31,1000
Broadcast,5,4,16384,10.75,6.79,14.01,1000
Broadcast,5,4,32768,15.06,8.85,19.75,1000
Broadcast,5,4,65536,22.74,12.20,30.10,1000
Broadcast,5,4,131072,39.88,22.92,51.82,1000
Broadcast,5,4,262144,80.20,56.49,99.02,1000
Broadcast,5,4,524288,161.30,120.08,195.62,1000
Broadcast,5,4,1048576,311.36,240.57,373.74,1000
Broadcast,1,5,1,0.66,0.64,0.68,1000
Broadcast,1,5,2,0.68,0.65,0.69,1000
Broadcast,1,5,4,0.66,0.65,0.68,1000
Broadcast,1,5,8,0.66,0.66,0.68,1000
Broadcast,1,5,16,0.67,0.66,0.68,1000
Broadcast,1,5,32,0.80,0.71,0.89,1000
Broadcast,1,5,64,0.80,0.69,0.89,1000
Broadcast,1,5,128,1.20,0.98,1.37,1000
Broadcast,1,5,256,1.33,1.03,1.56,1000
Broadcast,1,5,512,1.31,1.05,1.51,1000
Broadcast,1,5,1024,1.70,1.32,2.01,1000
Broadcast,1,5,2048,2.64,1.82,3.41,1000
Broadcast,1,5,4096,4.27,2.92,5.53,1000
Broadcast,1,5,8192,7.10,4.30,9.38,1000
Broadcast,1,5,16384,13.48,10.14,15.99,1000
Broadcast,1,5,32768,22.00,19.81,24.20,1000
Broadcast,1,5,65536,34.43,29.46,37.82,1000
Broadcast,1,5,131072,61.80,54.11,67.10,1000
Broadcast,1,5,262144,130.94,116.08,138.86,1000
Broadcast,1,5,524288,275.07,258.64,287.42,1000
Broadcast,1,5,1048576,565.37,534.52,586.92,1000
Broadcast,2,5,1,0.85,0.75,0.94,1000
Broadcast,2,5,2,0.85,0.82,0.90,1000
Broadcast,2,5,4,0.80,0.74,0.85,1000
Broadcast,2,5,8,0.84,0.82,0.88,1000
Broadcast,2,5,16,0.84,0.77,0.88,1000
Broadcast,2,5,32,0.99,0.88,1.08,1000
Broadcast,2,5,64,0.89,0.77,0.97,1000
Broadcast,2,5,128,1.27,1.05,1.45,1000
Broadcast,2,5,256,1.26,1.04,1.44,1000
Broadcast,2,5,512,1.48,1.21,1.63,1000
Broadcast,2,5,1024,1.68,1.43,1.92,1000
Broadcast,2,5,2048,2.85,2.06,3.54,1000
Broadcast,2,5,4096,4.45,3.15,5.60,1000
Broadcast,2,5,8192,7.43,4.70,9.61,1000
Broadcast,2,5,16384,13.12,9.89,15.66,1000
Broadcast,2,5,32768,22.30,19.50,24.40,1000
Broadcast,2,5,65536,33.91,30.01,37.11,1000
Broadcast,2,5,131072,60.37,53.33,65.14,1000
Broadcast,2,5,262144,126.70,115.12,135.95,1000
Broadcast,2,5,524288,271.69,260.13,284.63,1000
Broadcast,2,5,1048576,565.56,554.07,587.63,1000
Broadcast,3,5,1,1.97,0.27,3.18,1000
Broadcast,3,5,2,1.96,0.28,3.21,1000
Broadcast,3,5,4,1.92,0.27,3.15,1000
Broadcast,3,5,8,1.95,0.27,3.18,1000
Broadcast,3,5,16,1.93,0.26,3.15,1000
Broadcast,3,5,32,2.30,0.30,3.84,1000
Broadcast,3,5,64,2.31,0.33,3.84,1000
Broadcast,3,5,128,2.75,0.42,4.53,1000
Broadcast,3,5,256,2.84,0.54,4.50,1000
Broadcast,3,5,512,3.13,0.56,5.06,1000
Broadcast,3,5,1024,3.76,0.66,6.16,1000
Broadcast,3,5,2048,5.08,0.99,8.36,1000
Broadcast,3,5,4096,7.67,1.64,12.36,1000
Broadcast,3,5,8192,11.52,2.59,18.39,1000
Broadcast,3,5,16384,24.22,8.57,33.73,1000
Broadcast,3,5,32768,37.81,13.61,52.05,1000
Broadcast,3,5,65536,60.47,22.21,82.81,1000
Broadcast,3,5,131072,107.63,39.71,146.77,1000
Broadcast,3,5,262144,189.60,70.42,259.29,1000
Broadcast,3,5,524288,317.71,117.05,436.39,1000
Broadcast,3,5,1048576,608.92,236.65,834.03,1000
Broadcast,5,5,1,0.95,0.38,1.21,1000
Broadcast,5,5,2,0.92,0.36,1.18,1000
Broadcast,5,5,4,0.92,0.38,1.19,1000
Broadcast,5,5,8,0.93,0.38,1.21,1000
Broadcast,5,5,16,0.95,0.39,1.22,1000
Broadcast,5,5,32,1.12,0.40,1.39,1000
Broadcast,5,5,64,1.16,0.39,1.51,1000
Broadcast,5,5,128,1.55,0.82,1.82,1000
Broadcast,5,5,256,1.61,0.89,1.88,1000
Broadcast,5,5,512,1.71,0.95,2.03,1000
Broadcast,5,5,1024,2.07,1.08,2.40,1000
Broadcast,5,5,2048,2.94,1.60,3.51,1000
Broadcast,5,5,4096,4.22,2.49,4.96,1000
Broadcast,5,5,8192,7.09,4.51,8.54,1000
Broadcast,5,5,16384,12.76,9.25,14.41,1000
Broadcast,5,5,32768,19.38,13.93,21.57,1000
Broadcast,5,5,65536,29.51,21.54,32.78,1000
Broadcast,5,5,131072,52.59,39.43,58.29,1000
Broadcast,5,5,262144,95.92,71.55,106.12,1000
Broadcast,5,5,524288,191.42,144.78,207.75,1000
Broadcast,5,5,1048576,401.46,313.70,446.19,1000
Broadcast,1,6,1,0.91,0.79,1.02,1000
Broadcast,1,6,2,0.91,0.79,1.03,1000
Broadcast,1,6,4,0.92,0.79,1.04,1000
Broadcast,1,6,8,0.91,0.80,1.02,1000
Broadcast,1,6,16,0.93,0.83,1.02,1000
Broadcast,1,6,32,1.12,0.96,1.25,1000
Broadcast,1,6,64,1.12,0.95,1.26,1000
Broadcast,1,6,128,1.46,1.18,1.76,1000
Broadcast,1,6,256,1.53,1.27,1.82,1000
Broadcast,1,6,512,1.69,1.35,2.02,1000
Broadcast,1,6,1024,1.95,1.58,2.42,1000
Broadcast,1,6,2048,3.56,2.42,4.82,1000
Broadcast,1,6,4096,5.24,3.13,7.30,1000
Broadcast,1,6,8192,8.96,4.82,12.83,1000
Broadcast,1,6,16384,14.08,9.25,17.70,1000
Broadcast,1,6,32768,24.75,21.13,27.76,1000
Broadcast,1,6,65536,43.03,36.34,47.80,1000
Broadcast,1,6,131072,79.13,67.93,86.21,1000
Broadcast,1,6,262144,151.63,136.09,160.70,1000
Broadcast,1,6,524288,325.03,301.90,336.84,1000
Broadcast,1,6,1048576,675.15,660.31,695.56,1000
Broadcast,2,6,1,0.98,0.65,1.87,1000
Broadcast,2,6,2,0.98,0.66,1.85,1000
Broadcast,2,6,4,1.00,0.65,1.88,1000
Broadcast,2,6,8,0.98,0.65,1.84,1000
Broadcast,2,6,16,0.98,0.64,1.85,1000
Broadcast,2,6,32,1.15,0.77,2.13,1000
Broadcast,2,6,64,1.14,0.77,2.13,1000
Broadcast,2,6,128,1.73,1.36,2.55,1000
Broadcast,2,6,256,1.74,1.33,2.62,1000
Broadcast,2,6,512,1.94,1.55,2.74,1000
Broadcast,2,6,1024,2.32,1.88,3.35,1000
Broadcast,2,6,2048,3.74,2.97,4.60,1000
Broadcast,2,6,4096,5.02,4.01,5.99,1000
Broadcast,2,6,8192,8.99,7.26,11.15,1000
Broadcast,2,6,16384,15.84,11.10,20.27,1000
Broadcast,2,6,32768,25.80,19.11,34.20,1000
Broadcast,2,6,65536,43.98,32.62,57.54,1000
Broadcast,2,6,131072,75.67,56.00,96.70,1000
Broadcast,2,6,262144,144.38,124.38,171.24,1000
Broadcast,2,6,524288,300.90,271.87,344.05,1000
Broadcast,2,6,1048576,629.26,554.04,744.98,1000
Broadcast,3,6,1,2.61,0.33,4.03,1000
Broadcast,3,6,2,2.61,0.34,4.02,1000
Broadcast,3,6,4,2.58,0.34,3.97,1000
Broadcast,3,6,8,2.56,0.39,3.90,1000
Broadcast,3,6,16,2.56,0.37,3.87,1000
Broadcast,3,6,32,3.00,0.38,4.83,1000
Broadcast,3,6,64,2.97,0.34,4.80,1000
Broadcast,3,6,128,3.52,0.54,5.54,1000
Broadcast,3,6,256,3.62,0.59,5.63,1000
Broadcast,3,6,512,3.94,0.63,6.08,1000
Broadcast,3,6,1024,4.72,0.69,7.61,1000
Broadcast,3,6,2048,6.34,0.96,10.23,1000
Broadcast,3,6,4096,9.47,1.64,15.39,1000
Broadcast,3,6,8192,14.05,2.63,22.72,1000
Broadcast,3,6,16384,28.86,8.52,42.07,1000
Broadcast,3,6,32768,46.59,14.09,67.29,1000
Broadcast,3,6,65536,76.36,23.35,109.72,1000
Broadcast,3,6,131072,133.43,40.97,191.23,1000
Broadcast,3,6,262144,237.91,72.90,342.36,1000
Broadcast,3,6,524288,391.20,120.10,567.05,1000
Broadcast,3,6,1048576,748.02,231.64,1080.56,1000
Broadcast,5,6,1,1.64,0.66,2.27,1000
Broadcast,5,6,2,1.53,0.64,2.23,1000
Broadcast,5,6,4,1.54,0.65,2.18,1000
Broadcast,5,6,8,1.51,0.62,2.16,1000
Broadcast,5,6,16,1.46,0.59,2.06,1000
Broadcast,5,6,32,1.60,0.60,2.15,1000
Broadcast,5,6,64,1.57,0.60,2.12,1000
Broadcast,5,6,128,1.93,0.80,2.73,1000
Broadcast,5,6,256,1.99,0.89,2.78,1000
Broadcast,5,6,512,2.10,0.96,2.92,1000
Broadcast,5,6,1024,2.45,1.00,3.29,1000
Broadcast,5,6,2048,3.50,1.65,4.49,1000
Broadcast,5,6,4096,4.97,2.55,6.07,1000
Broadcast,5,6,8192,7.97,4.49,9.45,1000
Broadcast,5,6,16384,14.37,9.99,16.46,1000
Broadcast,5,6,32768,22.48,15.45,25.20,1000
Broadcast,5,6,65536,38.63,26.32,44.28,1000
Broadcast,5,6,131072,63.68,42.26,73.78,1000
Broadcast,5,6,262144,121.37,80.05,141.59,1000
Broadcast,5,6,524288,229.32,151.26,267.25,1000
Broadcast,5,6,1048576,479.13,320.48,570.78,1000
Broadcast,1,7,1,1.16,1.14,1.23,1000
Broadcast,1,7,2,1.16,1.12,1.20,1000
Broadcast,1,7,4,1.17,1.14,1.26,1000
Broadcast,1,7,8,1.12,1.08,1.16,1000
Broadcast,1,7,16,1.06,1.03,1.11,1000
Broadcast,1,7,32,1.30,1.16,1.40,1000
Broadcast,1,7,64,1.25,1.17,1.31,1000
Broadcast,1,7,128,1.78,1.40,2.15,1000
Broadcast,1,7,256,1.55,1.21,1.89,1000
Broadcast,1,7,512,1.74,1.30,2.12,1000
Broadcast,1,7,1024,2.14,1.54,2.72,1000
Broadcast,1,7,2048,3.78,2.17,5.19,1000
Broadcast,1,7,4096,5.49,2.91,7.74,1000
Broadcast,1,7,8192,9.79,4.66,14.07,1000
Broadcast,1,7,16384,16.80,9.88,21.65,1000
Broadcast,1,7,32768,30.33,25.92,34.13,1000
Broadcast,1,7,65536,50.42,41.54,56.42,1000
Broadcast,1,7,131072,91.67,77.14,100.00,1000
Broadcast,1,7,262144,174.99,147.12,188.94,1000
Broadcast,1,7,524288,380.43,351.59,400.71,1000
Broadcast,1,7,1048576,789.52,753.15,818.67,1000
Broadcast,2,7,1,1.50,0.80,2.47,1000
Broadcast,2,7,2,1.40,0.67,2.41,1000
Broadcast,2,7,4,1.38,0.71,2.31,1000
Broadcast,2,7,8,1.41,0.67,2.38,1000
Broadcast,2,7,16,1.39,0.72,2.32,1000
Broadcast,2,7,32,1.55,0.80,2.64,1000
Broadcast,2,7,64,1.48,0.78,2.50,1000
Broadcast,2,7,128,1.99,1.45,2.74,1000
Broadcast,2,7,256,2.10,1.59,2.76,1000
Broadcast,2,7,512,2.31,1.74,3.09,1000
Broadcast,2,7,1024,2.79,2.03,3.66,1000
Broadcast,2,7,2048,4.03,3.42,5.08,1000
Broadcast,2,7,4096,5.84,4.86,7.16,1000
Broadcast,2,7,8192,9.96,7.80,11.98,1000
Broadcast,2,7,16384,17.96,13.12,22.79,1000
Broadcast,2,7,32768,27.00,17.54,33.68,1000
Broadcast,2,7,65536,47.28,33.03,59.32,1000
Broadcast,2,7,131072,91.38,67.87,111.18,1000
Broadcast,2,7,262144,185.39,143.56,217.06,1000
Broadcast,2,7,524288,350.80,280.98,402.16,1000
Broadcast,2,7,1048576,697.67,560.49,791.56,1000
Broadcast,3,7,1,3.22,0.37,5.28,1000
Broadcast,3,7,2,3.13,0.28,5.05,1000
Broadcast,3,7,4,3.12,0.28,4.98,1000
Broadcast,3,7,8,3.06,0.27,4.94,1000
Broadcast,3,7,16,3.13,0.30,5.02,1000
Broadcast,3,7,32,3.65,0.35,6.01,1000
Broadcast,3,7,64,3.62,0.36,5.92,1000
Broadcast,3,7,128,4.18,0.44,6.86,1000
Broadcast,3,7,256,4.32,0.55,6.91,1000
Broadcast,3,7,512,4.62,0.54,7.51,1000
Broadcast,3,7,1024,5.61,0.66,9.27,1000
Broadcast,3,7,2048,7.53,0.98,12.61,1000
Broadcast,3,7,4096,11.22,1.63,18.73,1000
Broadcast,3,7,8192,16.83,2.78,28.06,1000
Broadcast,3,7,16384,33.75,8.36,50.94,1000
Broadcast,3,7,32768,54.64,14.10,81.73,1000
Broadcast,3,7,65536,90.97,23.61,135.58,1000
Broadcast,3,7,131072,160.17,41.97,238.56,1000
Broadcast,3,7,262144,282.98,74.14,421.98,1000
Broadcast,3,7,524288,468.34,124.43,702.60,1000
Broadcast,3,7,1048576,902.45,242.19,1353.28,1000
Broadcast,5,7,1,1.50,0.45,2.21,1000
Broadcast,5,7,2,1.42,0.45,2.13,1000
Broadcast,5,7,4,1.47,0.47,2.17,1000
Broadcast,5,7,8,1.30,0.37,1.96,1000
Broadcast,5,7,16,1.42,0.39,1.98,1000
Broadcast,5,7,32,1.58,0.42,2.12,1000
Broadcast,5,7,64,1.57,0.40,2.12,1000
Broadcast,5,7,128,2.03,0.66,2.71,1000
Broadcast,5,7,256,2.11,0.73,2.78,1000
Broadcast,5,7,512,2.19,0.77,2.86,1000
Broadcast,5,7,1024,2.50,0.77,3.20,1000
Broadcast,5,7,2048,3.85,1.61,4.61,1000
Broadcast,5,7,4096,5.25,2.29,6.27,1000
Broadcast,5,7,8192,8.48,4.23,10.22,1000
Broadcast,5,7,16384,14.81,9.59,16.59,1000
Broadcast,5,7,32768,24.38,15.40,27.44,1000
Broadcast,5,7,65536,40.00,24.63,44.31,1000
Broadcast,5,7,131072,71.25,43.50,76.98,1000
Broadcast,5,7,262144,137.51,84.43,148.72,1000
Broadcast,5,7,524288,270.86,170.20,291.94,1000
Broadcast,5,7,1048576,557.71,360.17,608.85,1000
Broadcast,1,8,1,1.84,1.05,2.88,1000
Broadcast,1,8,2,1.89,1.06,2.87,1000
Broadcast,1,8,4,1.91,1.12,2.97,1000
Broadcast,1,8,8,1.88,0.99,2.94,1000
Broadcast,1,8,16,1.85,1.06,2.90,1000
Broadcast,1,8,32,2.05,1.15,3.23,1000
Broadcast,1,8,64,2.00,1.10,3.13,1000
Broadcast,1,8,128,3.26,1.20,5.44,1000
Broadcast,1,8,256,3.31,1.24,5.50,1000
Broadcast,1,8,512,3.35,1.31,5.49,1000
Broadcast,1,8,1024,3.63,1.56,5.97,1000
Broadcast,1,8,2048,5.81,2.25,9.45,1000
Broadcast,1,8,4096,7.73,2.74,12.60,1000
Broadcast,1,8,8192,12.86,4.82,20.54,1000
Broadcast,1,8,16384,15.89,8.20,21.56,1000
Broadcast,1,8,32768,31.51,26.68,35.58,1000
Broadcast,1,8,65536,58.04,46.38,64.96,1000
Broadcast,1,8,131072,108.77,92.41,117.55,1000
Broadcast,1,8,262144,199.76,163.81,218.96,1000
Broadcast,1,8,524288,429.58,385.67,461.08,1000
Broadcast,1,8,1048576,930.68,872.65,967.01,1000
Broadcast,2,8,1,1.78,0.99,2.64,1000
Broadcast,2,8,2,1.85,0.98,2.75,1000
Broadcast,2,8,4,1.73,0.93,2.55,1000
Broadcast,2,8,8,1.79,0.99,2.64,1000
Broadcast,2,8,16,1.76,1.00,2.66,1000
Broadcast,2,8,32,2.08,1.25,3.03,1000
Broadcast,2,8,64,1.99,1.18,3.15,1000
Broadcast,2,8,128,3.36,1.71,4.71,1000
Broadcast,2,8,256,3.48,1.73,5.01,1000
Broadcast,2,8,512,3.79,2.06,5.17,1000
Broadcast,2,8,1024,4.14,2.29,5.74,1000
Broadcast,2,8,2048,5.86,3.25,7.90,1000
Broadcast,2,8,4096,7.80,4.73,10.39,1000
Broadcast,2,8,8192,12.29,7.56,16.17,1000
Broadcast,2,8,16384,18.89,11.93,23.07,1000
Broadcast,2,8,32768,28.45,16.20,33.65,1000
Broadcast,2,8,65536,49.07,24.47,57.41,1000
Broadcast,2,8,131072,92.70,51.15,105.52,1000
Broadcast,2,8,262144,183.52,107.85,202.76,1000
Broadcast,2,8,524288,360.38,240.65,391.77,1000
Broadcast,2,8,1048576,729.50,488.86,794.97,1000
Broadcast,3,8,1,3.88,0.38,7.11,1000
Broadcast,3,8,2,3.96,0.38,7.28,1000
Broadcast,3,8,4,3.77,0.35,7.00,1000
Broadcast,3,8,8,3.85,0.39,7.09,1000
Broadcast,3,8,16,3.85,0.40,7.06,1000
Broadcast,3,8,32,4.64,0.44,8.56,1000
Broadcast,3,8,64,4.52,0.45,8.45,1000
Broadcast,3,8,128,5.46,0.59,10.02,1000
Broadcast,3,8,256,5.66,0.64,10.37,1000
Broadcast,3,8,512,6.36,0.68,11.52,1000
Broadcast,3,8,1024,6.89,0.76,12.59,1000
Broadcast,3,8,2048,9.30,1.15,16.78,1000
Broadcast,3,8,4096,13.48,1.77,23.86,1000
Broadcast,3,8,8192,19.15,2.73,33.66,1000
Broadcast,3,8,16384,39.01,8.76,61.39,1000
Broadcast,3,8,32768,63.09,14.22,98.82,1000
Broadcast,3,8,65536,105.16,23.96,163.74,1000
Broadcast,3,8,131072,188.36,43.44,291.50,1000
Broadcast,3,8,262144,330.59,75.65,512.41,1000
Broadcast,3,8,524288,576.30,138.02,895.39,1000
Broadcast,3,8,1048576,1065.83,266.45,1642.22,1000
Broadcast,5,8,1,1.73,0.71,2.44,1000
Broadcast,5,8,2,1.76,0.68,2.60,1000
Broadcast,5,8,4,1.78,0.70,2.47,1000
Broadcast,5,8,8,1.68,0.68,2.36,1000
Broadcast,5,8,16,1.70,0.69,2.41,1000
Broadcast,5,8,32,1.85,0.62,2.78,1000
Broadcast,5,8,64,1.80,0.67,2.50,1000
Broadcast,5,8,128,2.43,1.25,3.16,1000
Broadcast,5,8,256,2.41,1.22,3.14,1000
Broadcast,5,8,512,2.67,1.31,3.36,1000
Broadcast,5,8,1024,3.21,1.39,4.24,1000
Broadcast,5,8,2048,4.35,2.15,5.68,1000
Broadcast,5,8,4096,5.79,2.90,7.29,1000
Broadcast,5,8,8192,9.04,4.48,11.08,1000
Broadcast,5,8,16384,17.77,10.64,23.09,1000
Broadcast,5,8,32768,29.49,17.00,38.04,1000
Broadcast,5,8,65536,44.47,25.75,56.66,1000
Broadcast,5,8,131072,80.36,48.20,101.65,1000
Broadcast,5,8,262144,144.29,84.22,183.31,1000
Broadcast,5,8,524288,292.92,170.68,369.25,1000
Broadcast,5,8,1048576,593.98,358.65,744.34,1000
Reduce,1,2,4,0.97,0.91,1.04,1000
Reduce,1,2,8,0.89,0.62,1.16,1000
Reduce,1,2,16,0.88,0.64,1.12,1000
Reduce,1,2,32,1.12,0.73,1.51,1000
Reduce,1,2,64,1.11,0.74,1.48,1000
Reduce,1,2,128,1.19,0.99,1.38,1000
Reduce,1,2,256,1.19,1.11,1.27,1000
Reduce,1,2,512,1.37,1.35,1.39,1000
Reduce,1,2,1024,1.65,1.58,1.71,1000
Reduce,1,2,2048,2.29,2.19,2.39,1000
Reduce,1,2,4096,4.51,4.50,4.53,1000
Reduce,1,2,8192,4.98,4.80,5.16,1000
Reduce,1,2,16384,8.78,8.78,8.79,1000
Reduce,1,2,32768,16.79,16.68,16.91,1000
Reduce,1,2,65536,33.00,32.89,33.12,1000
Reduce,1,2,131072,65.32,64.72,65.92,1000
Reduce,1,2,262144,126.88,126.82,126.93,1000
Reduce,1,2,524288,118.97,118.72,119.21,1000
Reduce,1,2,1048576,229.86,229.64,230.07,1000
Reduce,2,2,4,0.89,0.67,1.12,1000
Reduce,2,2,8,0.88,0.63,1.13,1000
Reduce,2,2,16,0.87,0.58,1.16,1000
Reduce,2,2,32,0.99,0.98,1.00,1000
Reduce,2,2,64,1.09,0.79,1.39,1000
Reduce,2,2,128,1.20,1.09,1.31,1000
Reduce,2,2,256,1.21,1.17,1.24,1000
Reduce,2,2,512,1.35,1.30,1.40,1000
Reduce,2,2,1024,1.53,1.52,1.55,1000
Reduce,2,2,2048,2.29,2.24,2.34,1000
Reduce,2,2,4096,3.92,3.90,3.93,1000
Reduce,2,2,8192,5.07,4.94,5.19,1000
Reduce,2,2,16384,8.84,8.84,8.84,1000
Reduce,2,2,32768,16.88,16.74,17.01,1000
Reduce,2,2,65536,33.16,32.98,33.35,1000
Reduce,2,2,131072,65.92,64.71,67.13,1000
Reduce,2,2,262144,127.86,127.48,128.24,1000
Reduce,2,2,524288,119.66,119.33,119.99,1000
Reduce,2,2,1048576,228.49,228.15,228.82,1000
Reduce,3,2,4,0.89,0.66,1.12,1000
Reduce,3,2,8,0.86,0.60,1.11,1000
Reduce,3,2,16,0.86,0.55,1.16,1000
Reduce,3,2,32,1.07,0.78,1.35,1000
Reduce,3,2,64,1.07,0.82,1.33,1000
Reduce,3,2,128,1.19,1.09,1.30,1000
Reduce,3,2,256,1.21,1.18,1.24,1000
Reduce,3,2,512,1.35,1.33,1.37,1000
Reduce,3,2,1024,1.65,1.61,1.69,1000
Reduce,3,2,2048,2.13,2.08,2.19,1000
Reduce,3,2,4096,3.91,3.90,3.91,1000
Reduce,3,2,8192,4.89,4.83,4.96,1000
Reduce,3,2,16384,8.74,8.73,8.74,1000
Reduce,3,2,32768,16.70,16.54,16.87,1000
Reduce,3,2,65536,33.16,32.97,33.35,1000
Reduce,3,2,131072,65.18,64.51,65.85,1000
Reduce,3,2,262144,127.19,126.79,127.59,1000
Reduce,3,2,524288,119.89,119.64,120.13,1000
Reduce,3,2,1048576,228.94,228.67,229.20,1000
Reduce,4,2,4,0.78,0.66,0.90,1000
Reduce,4,2,8,0.76,0.69,0.83,1000
Reduce,4,2,16,0.76,0.63,0.90,1000
Reduce,4,2,32,0.90,0.46,1.34,1000
Reduce,4,2,64,0.90,0.46,1.34,1000
Reduce,4,2,128,1.08,0.99,1.17,1000
Reduce,4,2,256,1.10,1.07,1.12,1000
Reduce,4,2,512,1.23,1.20,1.26,1000
Reduce,4,2,1024,1.52,1.50,1.53,1000
Reduce,4,2,2048,2.41,2.22,2.61,1000
Reduce,4,2,4096,3.90,3.90,3.90,1000
Reduce,4,2,8192,5.26,5.09,5.44,1000
Reduce,4,2,16384,8.83,8.79,8.87,1000
Reduce,4,2,32768,16.75,16.63,16.88,1000
Reduce,4,2,65536,33.28,32.62,33.93,1000
Reduce,4,2,131072,65.51,63.99,67.03,1000
Reduce,4,2,262144,126.61,126.35,126.88,1000
Reduce,4,2,524288,118.03,117.83,118.23,1000
Reduce,4,2,1048576,228.01,227.70,228.32,1000
Reduce,1,3,4,2.71,2.44,3.00,1000
Reduce,1,3,8,2.65,2.32,3.00,1000
Reduce,1,3,16,2.69,2.36,3.04,1000
Reduce,1,3,32,2.71,2.40,2.97,1000
Reduce,1,3,64,2.62,2.30,2.88,1000
Reduce,1,3,128,3.43,2.80,3.96,1000
Reduce,1,3,256,3.49,2.83,4.01,1000
Reduce,1,3,512,3.87,3.21,4.42,1000
Reduce,1,3,1024,4.59,3.69,5.18,1000
Reduce,1,3,2048,6.24,5.07,6.97,1000
Reduce,1,3,4096,6.34,5.62,7.21,1000
Reduce,1,3,8192,13.19,10.84,14.60,1000
Reduce,1,3,16384,13.83,13.06,14.56,1000
Reduce,1,3,32768,24.99,22.91,26.95,1000
Reduce,1,3,65536,45.47,42.32,48.57,1000
Reduce,1,3,131072,88.50,82.38,94.08,1000
Reduce,1,3,262144,242.03,218.48,254.11,1000
Reduce,1,3,524288,320.63,264.80,348.95,1000
Reduce,1,3,1048576,611.94,503.49,666.52,1000
Reduce,2,3,4,3.22,2.92,3.61,1000
Reduce,2,3,8,3.18,2.89,3.60,1000
Reduce,2,3,16,3.18,2.88,3.59,1000
Reduce,2,3,32,3.28,2.92,3.63,1000
Reduce,2,3,64,3.24,2.89,3.59,1000
Reduce,2,3,128,3.96,3.36,4.45,1000
Reduce,2,3,256,3.85,3.17,4.42,1000
Reduce,2,3,512,4.01,3.26,4.45,1000
Reduce,2,3,1024,4.58,3.68,5.11,1000
Reduce,2,3,2048,6.74,5.72,7.29,1000
Reduce,2,3,4096,6.38,5.66,7.16,1000
Reduce,2,3,8192,13.53,11.48,14.81,1000
Reduce,2,3,16384,13.87,13.11,14.57,1000
Reduce,2,3,32768,25.06,22.91,27.03,1000
Reduce,2,3,65536,45.57,42.05,48.81,1000
Reduce,2,3,131072,88.73,82.86,94.32,1000
Reduce,2,3,262144,241.38,217.55,253.59,1000
Reduce,2,3,524288,321.77,265.12,350.44,1000
Reduce,2,3,1048576,614.64,503.82,670.30,1000
Reduce,3,3,4,2.61,2.32,2.91,1000
Reduce,3,3,8,2.63,2.32,2.96,1000
Reduce,3,3,16,2.42,2.16,2.70,1000
Reduce,3,3,32,2.65,2.32,2.96,1000
Reduce,3,3,64,2.63,2.25,2.93,1000
Reduce,3,3,128,3.40,2.72,3.92,1000
Reduce,3,3,256,3.51,2.73,4.08,1000
Reduce,3,3,512,3.84,3.10,4.40,1000
Reduce,3,3,1024,4.63,3.62,5.23,1000
Reduce,3,3,2048,6.66,5.65,7.27,1000
Reduce,3,3,4096,6.49,5.80,7.30,1000
Reduce,3,3,8192,13.53,11.53,14.80,1000
Reduce,3,3,16384,14.04,13.33,14.75,1000
Reduce,3,3,32768,24.77,22.84,26.60,1000
Reduce,3,3,65536,45.90,42.76,49.13,1000
Reduce,3,3,131072,88.82,83.43,94.35,1000
Reduce,3,3,262144,242.62,219.49,254.49,1000
Reduce,3,3,524288,323.65,263.99,353.53,1000
Reduce,3,3,1048576,609.13,496.57,665.74,1000
Reduce,4,3,4,2.30,1.93,2.66,1000
Reduce,4,3,8,2.30,1.95,2.68,1000
Reduce,4,3,16,2.23,1.89,2.60,1000
Reduce,4,3,32,2.65,2.28,3.00,1000
Reduce,4,3,64,2.66,2.29,3.04,1000
Reduce,4,3,128,3.48,2.79,3.97,1000
Reduce,4,3,256,3.57,2.86,4.09,1000
Reduce,4,3,512,4.07,3.33,4.57,1000
Reduce,4,3,1024,4.73,3.73,5.35,1000
Reduce,4,3,2048,6.33,5.19,7.00,1000
Reduce,4,3,4096,6.30,5.60,7.13,1000
Reduce,4,3,8192,13.40,10.77,15.22,1000
Reduce,4,3,16384,13.83,13.06,14.59,1000
Reduce,4,3,32768,24.48,22.61,26.09,1000
Reduce,4,3,65536,44.88,41.38,48.13,1000
Reduce,4,3,131072,87.33,82.66,92.71,1000
Reduce,4,3,262144,241.32,217.51,253.54,1000
Reduce,4,3,524288,323.11,263.41,353.36,1000
Reduce,4,3,1048576,612.34,502.49,667.58,1000
Reduce,1,4,4,2.07,1.35,2.58,1000
Reduce,1,4,8,1.99,1.25,2.52,1000
Reduce,1,4,16,2.00,1.27,2.52,1000
Reduce,1,4,32,2.30,1.48,2.90,1000
Reduce,1,4,64,2.28,1.43,2.90,1000
Reduce,1,4,128,2.78,2.04,3.32,1000
Reduce,1,4,256,2.81,2.11,3.33,1000
Reduce,1,4,512,3.04,2.42,3.47,1000
Reduce,1,4,1024,3.75,3.19,4.06,1000
Reduce,1,4,2048,4.79,4.25,5.07,1000
Reduce,1,4,4096,6.56,6.11,6.77,1000
Reduce,1,4,8192,10.32,10.04,10.52,1000
Reduce,1,4,16384,16.34,16.05,16.60,1000
Reduce,1,4,32768,25.56,25.49,25.67,1000
Reduce,1,4,65536,47.98,47.64,48.55,1000
Reduce,1,4,131072,93.47,92.33,94.55,1000
Reduce,1,4,262144,181.41,179.05,184.76,1000
Reduce,1,4,524288,254.11,252.15,256.32,1000
Reduce,1,4,1048576,459.24,458.34,459.90,1000
Reduce,2,4,4,2.06,1.30,2.55,1000
Reduce,2,4,8,2.08,1.29,2.61,1000
Reduce,2,4,16,2.03,1.27,2.53,1000
Reduce,2,4,32,2.37,1.43,3.06,1000
Reduce,2,4,64,2.33,1.51,2.92,1000
Reduce,2,4,128,2.71,2.04,3.16,1000
Reduce,2,4,256,2.74,2.11,3.16,1000
Reduce,2,4,512,3.01,2.40,3.37,1000
Reduce,2,4,1024,3.70,3.12,4.02,1000
Reduce,2,4,2048,4.77,4.18,5.04,1000
Reduce,2,4,4096,6.53,6.06,6.76,1000
Reduce,2,4,8192,10.33,10.05,10.58,1000
Reduce,2,4,16384,15.73,15.45,16.05,1000
Reduce,2,4,32768,25.22,24.78,25.68,1000
Reduce,2,4,65536,47.95,47.40,48.65,1000
Reduce,2,4,131072,93.70,91.87,95.72,1000
Reduce,2,4,262144,181.08,179.19,184.42,1000
Reduce,2,4,524288,253.98,252.15,255.98,1000
Reduce,2,4,1048576,458.93,456.54,461.48,1000
Reduce,3,4,4,2.09,1.37,2.57,1000
Reduce,3,4,8,2.08,1.36,2.55,1000
Reduce,3,4,16,2.04,1.35,2.48,1000
Reduce,3,4,32,2.20,1.43,2.77,1000
Reduce,3,4,64,2.17,1.40,2.75,1000
Reduce,3,4,128,2.68,2.00,3.17,1000
Reduce,3,4,256,2.69,2.07,3.09,1000
Reduce,3,4,512,2.88,2.32,3.20,1000
Reduce,3,4,1024,3.46,2.88,3.78,1000
Reduce,3,4,2048,4.64,3.99,4.98,1000
Reduce,3,4,4096,6.27,5.78,6.45,1000
Reduce,3,4,8192,10.38,10.00,10.73,1000
Reduce,3,4,16384,16.54,16.23,16.94,1000
Reduce,3,4,32768,25.56,25.03,26.08,1000
Reduce,3,4,65536,47.71,47.29,48.38,1000
Reduce,3,4,131072,93.97,92.08,95.95,1000
Reduce,3,4,262144,181.70,179.70,185.49,1000
Reduce,3,4,524288,256.29,254.17,258.69,1000
Reduce,3,4,1048576,457.36,454.61,460.43,1000
Reduce,4,4,4,2.14,1.36,2.68,1000
Reduce,4,4,8,2.02,1.25,2.56,1000
Reduce,4,4,16,2.00,1.23,2.54,1000
Reduce,4,4,32,2.31,1.47,2.94,1000
Reduce,4,4,64,2.30,1.44,2.94,1000
Reduce,4,4,128,2.79,2.04,3.33,1000
Reduce,4,4,256,2.89,2.13,3.36,1000
Reduce,4,4,512,3.06,2.37,3.44,1000
Reduce,4,4,1024,3.65,3.01,3.97,1000
Reduce,4,4,2048,4.77,4.09,5.17,1000
Reduce,4,4,4096,6.43,5.93,6.69,1000
Reduce,4,4,8192,10.59,10.23,10.88,1000
Reduce,4,4,16384,16.21,15.81,16.59,1000
Reduce,4,4,32768,25.70,25.37,26.21,1000
Reduce,4,4,65536,47.60,47.06,48.44,1000
Reduce,4,4,131072,93.36,91.26,95.56,1000
Reduce,4,4,262144,180.30,178.28,183.81,1000
Reduce,4,4,524288,254.84,251.34,258.55,1000
Reduce,4,4,1048576,460.09,458.50,461.87,1000
Reduce,1,5,4,3.05,2.35,3.54,1000
Reduce,1,5,8,3.00,2.30,3.50,1000
Reduce,1,5,16,2.94,2.27,3.43,1000
Reduce,1,5,32,3.39,2.66,3.96,1000
Reduce,1,5,64,2.94,2.22,3.42,1000
Reduce,1,5,128,4.15,3.27,4.73,1000
Reduce,1,5,256,4.17,3.27,4.76,1000
Reduce,1,5,512,4.69,3.75,5.41,1000
Reduce,1,5,1024,5.66,4.53,6.54,1000
Reduce,1,5,2048,7.69,6.21,8.62,1000
Reduce,1,5,4096,10.50,8.60,11.85,1000
Reduce,1,5,8192,17.68,16.14,20.79,1000
Reduce,1,5,16384,27.45,24.89,31.82,1000
Reduce,1,5,32768,44.45,39.48,51.13,1000
Reduce,1,5,65536,82.00,71.47,93.07,1000
Reduce,1,5,131072,154.84,133.84,176.14,1000
Reduce,1,5,262144,302.36,273.56,323.54,1000
Reduce,1,5,524288,480.41,432.77,546.89,1000
Reduce,1,5,1048576,829.74,728.31,958.02,1000
Reduce,2,5,4,2.51,1.82,2.96,1000
Reduce,2,5,8,2.54,1.80,3.17,1000
Reduce,2,5,16,2.49,1.81,2.94,1000
Reduce,2,5,32,3.05,2.32,3.64,1000
Reduce,2,5,64,2.90,2.23,3.39,1000
Reduce,2,5,128,4.13,3.20,4.78,1000
Reduce,2,5,256,4.32,3.35,4.97,1000
Reduce,2,5,512,4.84,3.89,5.55,1000
Reduce,2,5,1024,5.64,4.52,6.50,1000
Reduce,2,5,2048,7.93,6.52,8.88,1000
Reduce,2,5,4096,10.48,8.63,11.87,1000
Reduce,2,5,8192,17.74,16.25,20.87,1000
Reduce,2,5,16384,27.78,25.20,32.23,1000
Reduce,2,5,32768,49.07,43.60,56.69,1000
Reduce,2,5,65536,84.77,73.47,96.37,1000
Reduce,2,5,131072,156.12,135.11,177.55,1000
Reduce,2,5,262144,303.38,274.57,324.81,1000
Reduce,2,5,524288,477.40,429.46,541.14,1000
Reduce,2,5,1048576,835.12,735.92,958.94,1000
Reduce,3,5,4,2.57,1.92,2.98,1000
Reduce,3,5,8,2.55,1.90,2.97,1000
Reduce,3,5,16,2.76,1.99,3.30,1000
Reduce,3,5,32,3.06,2.31,3.70,1000
Reduce,3,5,64,2.98,2.29,3.49,1000
Reduce,3,5,128,4.29,3.40,4.87,1000
Reduce,3,5,256,4.35,3.45,4.95,1000
Reduce,3,5,512,4.82,3.91,5.54,1000
Reduce,3,5,1024,5.78,4.64,6.68,1000
Reduce,3,5,2048,7.69,6.23,8.61,1000
Reduce,3,5,4096,10.45,8.66,12.03,1000
Reduce,3,5,8192,17.91,16.34,21.08,1000
Reduce,3,5,16384,27.78,25.20,32.42,1000
Reduce,3,5,32768,48.05,42.75,55.55,1000
Reduce,3,5,65536,81.95,71.50,93.31,1000
Reduce,3,5,131072,157.86,136.85,179.54,1000
Reduce,3,5,262144,305.77,277.86,327.33,1000
Reduce,3,5,524288,480.45,432.33,543.51,1000
Reduce,3,5,1048576,830.96,731.45,956.63,1000
Reduce,4,5,4,2.67,2.03,3.16,1000
Reduce,4,5,8,2.65,1.96,3.13,1000
Reduce,4,5,16,2.67,2.02,3.10,1000
Reduce,4,5,32,3.03,2.28,3.55,1000
Reduce,4,5,64,2.98,2.23,3.51,1000
Reduce,4,5,128,4.20,3.26,4.85,1000
Reduce,4,5,256,4.33,3.35,4.95,1000
Reduce,4,5,512,4.96,3.94,5.63,1000
Reduce,4,5,1024,5.73,4.59,6.57,1000
Reduce,4,5,2048,7.91,6.55,8.85,1000
Reduce,4,5,4096,10.54,8.71,11.87,1000
Reduce,4,5,8192,17.55,16.10,20.65,1000
Reduce,4,5,16384,27.37,24.86,31.71,1000
Reduce,4,5,32768,44.31,39.31,51.10,1000
Reduce,4,5,65536,81.46,70.98,92.46,1000
Reduce,4,5,131072,155.17,134.29,176.29,1000
Reduce,4,5,262144,302.42,274.13,323.21,1000
Reduce,4,5,524288,477.06,430.68,542.41,1000
Reduce,4,5,1048576,837.11,735.72,967.56,1000
Reduce,1,6,4,3.15,1.99,3.94,1000
Reduce,1,6,8,3.09,1.92,3.94,1000
Reduce,1,6,16,3.12,1.93,3.96,1000
Reduce,1,6,32,3.60,2.37,4.63,1000
Reduce,1,6,64,3.47,2.21,4.65,1000
Reduce,1,6,128,4.15,2.76,5.04,1000
Reduce,1,6,256,4.22,2.75,5.09,1000
Reduce,1,6,512,4.58,3.01,5.56,1000
Reduce,1,6,1024,5.53,3.81,6.73,1000
Reduce,1,6,2048,7.27,5.39,8.64,1000
Reduce,1,6,4096,9.96,7.50,11.67,1000
Reduce,1,6,8192,20.02,16.94,22.58,1000
Reduce,1,6,16384,28.25,24.21,31.07,1000
Reduce,1,6,32768,48.56,41.56,53.27,1000
Reduce,1,6,65536,90.44,78.04,97.84,1000
Reduce,1,6,131072,172.45,146.91,186.76,1000
Reduce,1,6,262144,334.02,305.54,350.05,1000
Reduce,1,6,524288,575.68,505.23,616.86,1000
Reduce,1,6,1048576,1063.25,927.47,1139.26,1000
Reduce,2,6,4,3.18,1.99,4.01,1000
Reduce,2,6,8,3.15,2.02,3.93,1000
Reduce,2,6,16,3.12,1.98,3.94,1000
Reduce,2,6,32,3.47,2.35,4.46,1000
Reduce,2,6,64,3.40,2.29,4.42,1000
Reduce,2,6,128,4.31,3.06,5.46,1000
Reduce,2,6,256,4.43,3.11,5.54,1000
Reduce,2,6,512,4.86,3.34,5.93,1000
Reduce,2,6,1024,5.63,3.94,6.83,1000
Reduce,2,6,2048,7.46,5.55,8.85,1000
Reduce,2,6,4096,10.08,7.65,11.65,1000
Reduce,2,6,8192,20.01,17.02,22.44,1000
Reduce,2,6,16384,28.26,24.28,30.99,1000
Reduce,2,6,32768,48.75,41.52,53.53,1000
Reduce,2,6,65536,90.56,78.17,97.85,1000
Reduce,2,6,131072,171.34,146.16,185.62,1000
Reduce,2,6,262144,332.81,303.16,349.63,1000
Reduce,2,6,524288,578.76,507.28,617.84,1000
Reduce,2,6,1048576,1070.72,937.48,1137.59,1000
Reduce,3,6,4,2.94,1.76,3.69,1000
Reduce,3,6,8,2.95,1.79,3.81,1000
Reduce,3,6,16,3.05,1.91,3.83,1000
Reduce,3,6,32,3.60,2.29,4.81,1000
Reduce,3,6,64,3.46,2.13,4.73,1000
Reduce,3,6,128,4.28,2.85,5.28,1000
Reduce,3,6,256,4.56,3.12,5.69,1000
Reduce,3,6,512,4.64,3.05,5.68,1000
Reduce,3,6,1024,5.57,3.86,6.82,1000
Reduce,3,6,2048,7.43,5.36,8.83,1000
Reduce,3,6,4096,10.00,7.55,11.67,1000
Reduce,3,6,8192,20.21,17.17,22.80,1000
Reduce,3,6,16384,28.42,24.43,31.20,1000
Reduce,3,6,32768,49.00,41.73,53.73,1000
Reduce,3,6,65536,91.32,78.59,98.80,1000
Reduce,3,6,131072,173.13,147.39,187.49,1000
Reduce,3,6,262144,334.09,304.64,351.08,1000
Reduce,3,6,524288,575.24,505.65,611.57,1000
Reduce,3,6,1048576,1065.91,927.45,1140.23,1000
Reduce,4,6,4,3.15,2.06,4.06,1000
Reduce,4,6,8,3.10,2.02,3.90,1000
Reduce,4,6,16,3.17,2.02,4.01,1000
Reduce,4,6,32,3.57,2.33,4.63,1000
Reduce,4,6,64,3.49,2.31,4.43,1000
Reduce,4,6,128,4.33,2.83,5.41,1000
Reduce,4,6,256,4.45,2.89,5.60,1000
Reduce,4,6,512,4.70,3.02,5.78,1000
Reduce,4,6,1024,5.58,3.76,6.86,1000
Reduce,4,6,2048,7.32,5.36,8.59,1000
Reduce,4,6,4096,9.86,7.44,11.46,1000
Reduce,4,6,8192,19.97,16.83,22.62,1000
Reduce,4,6,16384,27.96,23.86,30.86,1000
Reduce,4,6,32768,48.55,41.33,53.23,1000
Reduce,4,6,65536,90.19,77.77,97.44,1000
Reduce,4,6,131072,171.58,146.04,185.87,1000
Reduce,4,6,262144,330.60,301.57,347.71,1000
Reduce,4,6,524288,569.13,490.73,608.81,1000
Reduce,4,6,1048576,1034.19,881.05,1110.97,1000
Reduce,1,7,4,3.00,2.08,4.22,1000
Reduce,1,7,8,3.30,2.37,4.49,1000
Reduce,1,7,16,3.12,2.15,4.34,1000
Reduce,1,7,32,3.82,2.70,5.29,1000
Reduce,1,7,64,3.71,2.66,5.10,1000
Reduce,1,7,128,4.74,3.51,6.35,1000
Reduce,1,7,256,4.92,3.69,6.51,1000
Reduce,1,7,512,5.28,3.99,6.82,1000
Reduce,1,7,1024,6.31,4.91,8.20,1000
Reduce,1,7,2048,8.46,6.76,10.81,1000
Reduce,1,7,4096,11.35,9.22,13.82,1000
Reduce,1,7,8192,18.72,15.09,20.67,1000
Reduce,1,7,16384,27.68,22.11,29.70,1000
Reduce,1,7,32768,46.32,37.39,49.38,1000
Reduce,1,7,65536,87.72,70.38,92.93,1000
Reduce,1,7,131072,167.84,133.96,176.61,1000
Reduce,1,7,262144,318.43,280.39,331.99,1000
Reduce,1,7,524288,554.13,432.90,580.73,1000
Reduce,1,7,1048576,1014.68,786.13,1059.50,1000
Reduce,2,7,4,3.39,2.41,4.62,1000
Reduce,2,7,8,3.39,2.41,4.88,1000
Reduce,2,7,16,3.41,2.42,4.71,1000
Reduce,2,7,32,3.72,2.61,5.18,1000
Reduce,2,7,64,3.65,2.55,5.08,1000
Reduce,2,7,128,4.79,3.63,6.59,1000
Reduce,2,7,256,4.82,3.60,6.68,1000
Reduce,2,7,512,5.31,4.09,6.97,1000
Reduce,2,7,1024,6.44,5.04,8.28,1000
Reduce,2,7,2048,8.67,6.98,10.97,1000
Reduce,2,7,4096,11.25,9.25,13.79,1000
Reduce,2,7,8192,18.82,15.24,20.66,1000
Reduce,2,7,16384,27.53,22.14,29.53,1000
Reduce,2,7,32768,46.74,37.65,49.78,1000
Reduce,2,7,65536,87.69,70.60,92.97,1000
Reduce,2,7,131072,167.08,133.43,176.05,1000
Reduce,2,7,262144,319.25,281.15,331.76,1000
Reduce,2,7,524288,548.09,426.19,580.88,1000
Reduce,2,7,1048576,1000.89,773.02,1053.30,1000
Reduce,3,7,4,3.47,2.45,4.64,1000
Reduce,3,7,8,3.35,2.37,4.56,1000
Reduce,3,7,16,3.28,2.31,4.36,1000
Reduce,3,7,32,3.61,2.58,5.03,1000
Reduce,3,7,64,3.46,2.39,4.81,1000
Reduce,3,7,128,4.59,3.43,6.30,1000
Reduce,3,7,256,4.76,3.55,6.38,1000
Reduce,3,7,512,5.09,3.88,6.64,1000
Reduce,3,7,1024,6.16,4.78,7.92,1000
Reduce,3,7,2048,8.50,6.84,10.72,1000
Reduce,3,7,4096,11.39,9.32,14.04,1000
Reduce,3,7,8192,18.95,15.34,20.90,1000
Reduce,3,7,16384,27.93,22.55,29.93,1000
Reduce,3,7,32768,47.67,38.47,50.73,1000
Reduce,3,7,65536,88.75,71.65,93.64,1000
Reduce,3,7,131072,170.46,136.86,178.50,1000
Reduce,3,7,262144,324.64,285.84,337.22,1000
Reduce,3,7,524288,550.43,435.83,581.92,1000
Reduce,3,7,1048576,1017.77,788.61,1071.68,1000
Reduce,4,7,4,3.05,2.13,4.36,1000
Reduce,4,7,8,3.03,2.05,4.33,1000
Reduce,4,7,16,3.02,2.13,4.32,1000
Reduce,4,7,32,3.56,2.50,4.99,1000
Reduce,4,7,64,3.41,2.32,4.85,1000
Reduce,4,7,128,4.59,3.40,6.25,1000
Reduce,4,7,256,4.66,3.48,6.35,1000
Reduce,4,7,512,4.94,3.71,6.53,1000
Reduce,4,7,1024,5.92,4.62,7.74,1000
Reduce,4,7,2048,8.35,6.63,10.74,1000
Reduce,4,7,4096,11.68,9.61,14.39,1000
Reduce,4,7,8192,18.86,15.26,20.83,1000
Reduce,4,7,16384,27.59,22.23,29.68,1000
Reduce,4,7,32768,46.74,37.76,49.75,1000
Reduce,4,7,65536,87.40,70.47,92.31,1000
Reduce,4,7,131072,167.93,134.62,176.15,1000
Reduce,4,7,262144,319.19,280.35,330.71,1000
Reduce,4,7,524288,548.00,430.06,572.70,1000
Reduce,4,7,1048576,1012.26,784.04,1056.79,1000
Reduce,1,8,4,2.49,2.33,2.61,1000
Reduce,1,8,8,2.46,2.39,2.53,1000
Reduce,1,8,16,2.45,2.37,2.51,1000
Reduce,1,8,32,3.06,2.84,3.29,1000
Reduce,1,8,64,2.94,2.67,3.21,1000
Reduce,1,8,128,3.40,3.36,3.44,1000
Reduce,1,8,256,3.45,3.41,3.51,1000
Reduce,1,8,512,3.70,3.62,3.79,1000
Reduce,1,8,1024,4.29,4.25,4.34,1000
Reduce,1,8,2048,5.92,5.80,6.06,1000
Reduce,1,8,4096,8.37,8.29,8.47,1000
Reduce,1,8,8192,12.75,12.61,12.87,1000
Reduce,1,8,16384,18.73,18.57,18.87,1000
Reduce,1,8,32768,29.78,29.40,30.01,1000
Reduce,1,8,65536,55.14,54.52,55.67,1000
Reduce,1,8,131072,105.07,103.35,106.90,1000
Reduce,1,8,262144,204.59,202.07,207.20,1000
Reduce,1,8,524288,332.72,319.21,349.87,1000
Reduce,1,8,1048576,630.12,613.27,646.49,1000
Reduce,2,8,4,2.42,2.20,2.63,1000
Reduce,2,8,8,2.39,2.32,2.44,1000
Reduce,2,8,16,2.39,2.27,2.51,1000
Reduce,2,8,32,3.29,3.17,3.36,1000
Reduce,2,8,64,3.01,2.92,3.11,1000
Reduce,2,8,128,3.61,3.57,3.63,1000
Reduce,2,8,256,3.69,3.60,3.79,1000
Reduce,2,8,512,3.88,3.84,3.95,1000
Reduce,2,8,1024,4.50,4.40,4.61,1000
Reduce,2,8,2048,6.14,6.03,6.25,1000
Reduce,2,8,4096,8.52,8.28,8.83,1000
Reduce,2,8,8192,12.87,12.71,12.97,1000
Reduce,2,8,16384,18.50,18.29,18.63,1000
Reduce,2,8,32768,29.99,29.45,30.26,1000
Reduce,2,8,65536,55.25,54.56,55.86,1000
Reduce,2,8,131072,105.57,104.06,107.06,1000
Reduce,2,8,262144,206.09,202.35,208.89,1000
Reduce,2,8,524288,335.96,321.29,352.49,1000
Reduce,2,8,1048576,628.43,603.67,650.95,1000
Reduce,3,8,4,2.44,2.33,2.55,1000
Reduce,3,8,8,2.46,2.37,2.50,1000
Reduce,3,8,16,2.42,2.30,2.53,1000
Reduce,3,8,32,3.02,2.92,3.14,1000
Reduce,3,8,64,3.00,2.73,3.29,1000
Reduce,3,8,128,3.53,3.46,3.64,1000
Reduce,3,8,256,3.48,3.41,3.55,1000
Reduce,3,8,512,3.73,3.65,3.79,1000
Reduce,3,8,1024,4.29,4.18,4.40,1000
Reduce,3,8,2048,5.94,5.69,6.22,1000
Reduce,3,8,4096,8.48,8.29,8.65,1000
Reduce,3,8,8192,12.72,12.58,12.88,1000
Reduce,3,8,16384,17.97,17.87,18.11,1000
Reduce,3,8,32768,29.84,29.52,30.39,1000
Reduce,3,8,65536,54.60,53.94,55.38,1000
Reduce,3,8,131072,105.73,104.12,107.80,1000
Reduce,3,8,262144,205.35,202.45,208.21,1000
Reduce,3,8,524288,332.28,319.17,346.65,1000
Reduce,3,8,1048576,624.59,607.41,648.80,1000
Reduce,4,8,4,2.47,2.22,2.76,1000
Reduce,4,8,8,2.43,2.37,2.53,1000
Reduce,4,8,16,2.45,2.15,2.77,1000
Reduce,4,8,32,3.15,2.95,3.40,1000
Reduce,4,8,64,2.91,2.76,3.08,1000
Reduce,4,8,128,3.52,3.41,3.64,1000
Reduce,4,8,256,3.50,3.45,3.56,1000
Reduce,4,8,512,3.70,3.58,3.82,1000
Reduce,4,8,1024,4.35,4.31,4.38,1000
Reduce,4,8,2048,5.99,5.71,6.19,1000
Reduce,4,8,4096,8.45,8.35,8.53,1000
Reduce,4,8,8192,12.76,12.61,12.92,1000
Reduce,4,8,16384,17.94,17.79,18.10,1000
Reduce,4,8,32768,30.08,29.73,30.35,1000
Reduce,4,8,65536,54.98,54.26,55.72,1000
Reduce,4,8,131072,105.99,104.19,107.62,1000
Reduce,4,8,262144,205.89,202.80,209.01,1000
Reduce,4,8,524288,333.23,317.88,348.65,1000
Reduce,4,8,1048576,636.01,619.42,659.43,1000
